brand,stars,reviewsCount,Category,price/value,brands,main_category
JBL,4.4,52203.0,Electronics › Home Audio › Speakers › Bluetooth Speakers,2799.0,jbl,Speakers
Generic,3.1,99.0,Video Games › HandHeld Gaming,480.0,generic,
QINIZX,4.7,75.0,Home & Kitchen › Large Appliances › Refrigerators,2166.0,qinizx,Refrigerators
ASUS,4.1,61.0,Computers & Accessories › Laptops › Traditional Laptops,86990.0,asus,Traditional Laptops
SYVO,3.8,1963.0,Electronics › Home Audio › Speakers › Bluetooth Speakers,449.0,syvo,Speakers
Dell,3.3,11.0,Computers & Accessories › Laptops › Traditional Laptops,81290.0,dell,Traditional Laptops
2&CO,5.0,1.0,Video Games › Nintendo Switch › Consoles,59990.0,2&co,Consoles
New World,2.0,1.0,Computers & Accessories › Accessories & Peripherals › PC Gaming Peripherals › Gamepads,5499.0,new world,PC Gaming Peripherals
Muzen,4.3,1240.0,Electronics › Home Audio › Speakers › Outdoor Speakers,5499.0,muzen,Speakers
Portronics,3.6,286.0,Electronics › Home Audio › Speakers › Bluetooth Speakers,649.0,portronics,Speakers
Sony,4.5,157.0,Electronics › Home Audio › Speakers,46438.0,sony,Speakers
PTron,3.7,321.0,Electronics › Home Audio › Speakers › Soundbar Speakers,1098.0,ptron,Speakers
Sony,4.6,49875.0,"Electronics › Headphones, Earbuds & Accessories › Headphones › Over-Ear",19990.0,sony,Headphones
Marshall,4.1,1693.0,"Electronics › Headphones, Earbuds & Accessories › Headphones › In-Ear",19999.0,marshall,Headphones
Denon,4.2,43.0,Electronics › Home Audio › Speakers › Multimedia Speaker Systems,76560.0,denon,Speakers
BoAt,4.0,4414.0,Electronics › Home Audio › Speakers › Bluetooth Speakers,999.0,boat,Speakers
JBL,4.3,33.0,"Electronics › Headphones, Earbuds & Accessories › Headphones › In-Ear",12999.0,jbl,Headphones
JBL,4.1,205087.0,"Electronics › Headphones, Earbuds & Accessories › Headphones › In-Ear",599.0,jbl,Headphones
Generic,2.7,7.0,Video Games › Video Games NCEMI,1079.0,generic,
HP,2.7,36.0,Computers & Accessories › Laptops › Traditional Laptops,16199.0,hp,Traditional Laptops
pTron,3.8,394.0,Electronics › Home Audio › Speakers › Soundbar Speakers,1098.0,ptron,Speakers
POGA,3.0,1.0,Video Games › Online Game Services,66999.0,poga,
ASUS,3.9,16.0,Computers & Accessories › Laptops › Traditional Laptops,47990.0,asus,Traditional Laptops
Crucial,4.7,1824.0,Computers & Accessories › Components › Memory,13596.0,crucial,Memory
Blaupunkt,3.8,11009.0,Electronics › Home Audio › Speakers › Soundbar Speakers,1299.0,blaupunkt,Speakers
Avolusion,4.4,385.0,Video Games › PlayStation 4 › Consoles,26204.0,avolusion,Consoles
Skullcandy,4.0,5856.0,"Electronics › Headphones, Earbuds & Accessories › Headphones › Over-Ear",7499.0,skullcandy,Headphones
Sony,4.2,7163.0,"Electronics › Headphones, Earbuds & Accessories › Headphones › On-Ear",3990.0,sony,Headphones
Cintwor,4.0,82.0,Toys & Games › Electronic Toys › Handheld Games,26119.0,cintwor,Handheld Games
Artis,2.0,1.0,Electronics › Home Audio › Speakers › Outdoor Speakers,10999.0,artis,Speakers
Harman Kardon,4.6,142.0,Electronics › Home Audio › Speakers › Outdoor Speakers,16299.0,harman kardon,Speakers
HAMMER,4.2,23.0,Electronics › Wearable Technology › Smart Watches,3009.0,hammer,Smart Watches
WEARFIT,2.2,3.0,Electronics › Wearable Technology › Smart Watches,5999.0,wearfit,Smart Watches
ZEBRONICS,3.9,1652.0,Electronics › Home Audio › Speakers › Bluetooth Speakers,1399.0,zebronics,Speakers
Lava,3.6,1489.0,Electronics › Mobiles & Accessories › Smartphones & Basic Mobiles › Smartphones,8999.0,lava,Smartphones & Basic Mobiles
Tribit,4.4,10034.0,Electronics › Home Audio › Speakers › Outdoor Speakers,2399.0,tribit,Speakers
amazon basics,4.0,12.0,Electronics › Home Audio › Speakers › Soundbar Speakers,699.0,amazon basics,Speakers
Bang & Olufsen,4.4,3029.0,Electronics › Home Audio › Speakers › Bluetooth Speakers,20998.0,bang & olufsen,Speakers
Sadhwanis,3.7,38.0,Toys & Games › Electronic Toys › Plug & Play Video Games,2699.0,sadhwanis,Plug & Play Video Games
Redgear,4.2,19635.0,Computers & Accessories › Accessories & Peripherals › PC Gaming Peripherals › Gamepads,1699.0,redgear,PC Gaming Peripherals
Sameo,4.6,3.0,Video Games › No Cost EMI | Automated,4899.0,sameo,
Blaupunkt,3.8,11009.0,Electronics › Home Audio › Speakers › Soundbar Speakers,1799.0,blaupunkt,Speakers
Crown,3.9,3.0,"Electronics › Home Theater, TV & Video › Televisions › Smart Televisions",8300.0,crown,Televisions
OneAssist Live Uninterrupted,4.0,6183.0,Electronics › Warranties,129.0,oneassist live uninterrupted,
GSH,3.8,265.0,"Video Games › Starting ₹3,000 | Escape into the world of gaming",5899.0,gsh,
Sony,4.6,23299.0,Electronics › Electronics › Headphones › Over-Ear Headphones,7490.0,sony,Headphones
Lenovo,4.0,63.0,Computers & Accessories › Laptops › Traditional Laptops,36990.0,lenovo,Traditional Laptops
JBL,3.8,46326.0,"Electronics › Headphones, Earbuds & Accessories › Headphones",2899.0,jbl,Headphones
Cmple,4.3,82.0,"Electronics › Mobiles & Accessories › Mobile Accessories › Maintenance, Upkeep & Repairs › Screen Protectors",27998.0,cmple,Mobile Accessories
Oculus,4.4,4385.0,Video Games › Legacy Systems › Xbox Systems › Xbox 360 › Accessories,57490.0,oculus,Xbox Systems
boAt,3.4,167.0,Electronics › Home Audio › Speakers › Soundbar Speakers,7499.0,boat,Speakers
New World,3.3,191.0,Video Games › HandHeld Gaming,939.0,new world,
HP,3.6,5.0,Computers & Accessories › Laptops › Traditional Laptops,43490.0,hp,Traditional Laptops
Crucial,4.5,49588.0,Computers & Accessories › Components › Memory,15500.0,crucial,Memory
Kennkari,4.2,113.0,Home & Kitchen › Furniture › Living Room Furniture › TV & Entertainment Units,8000.0,kennkari,Living Room Furniture
JBL,4.3,80.0,Electronics › Home Audio › Speakers › Bluetooth Speakers,29999.0,jbl,Speakers
ZEBRONICS,3.8,1433.0,"Electronics › Headphones, Earbuds & Accessories › Headphones › On-Ear",399.0,zebronics,Headphones
beyerdynamic,4.6,13408.0,"Electronics › Headphones, Earbuds & Accessories › Headphones › Over-Ear",13855.0,beyerdynamic,Headphones
VW,3.9,9709.0,"Electronics › Home Theater, TV & Video › Televisions › Smart Televisions",6599.0,vw,Televisions
Sadhwanis,5.0,2.0,Toys & Games › Electronic Toys › Plug & Play Video Games,2699.0,sadhwanis,Plug & Play Video Games
Bose,4.0,33633.0,"Electronics › Headphones, Earbuds & Accessories › Headphones › In-Ear",15990.0,bose,Headphones
Noise,4.1,50396.0,Electronics › Wearable Technology › Smart Watches,1498.0,noise,Smart Watches
JBL,4.1,202172.0,"Electronics › Headphones, Earbuds & Accessories › Headphones › In-Ear",569.0,jbl,Headphones
ZEBRONICS,3.8,67048.0,"Electronics › Headphones, Earbuds & Accessories › Headphones › On-Ear",699.0,zebronics,Headphones
Ultimate Ears,4.6,8864.0,Electronics › Home Audio › Speakers › Bluetooth Speakers,6995.0,ultimate ears,Speakers
Acer,4.2,2875.0,"Electronics › Home Theater, TV & Video › Televisions › Smart Televisions",22999.0,acer,Televisions
JBL,4.3,505.0,Computers & Accessories › Accessories & Peripherals › PC Gaming Peripherals › Headsets,15676.0,jbl,PC Gaming Peripherals
ASUS,3.2,5.0,Video Games › Handheld Game Systems › ROG Ally › Consoles,59990.0,asus,ROG Ally
Meta Quest,4.4,298.0,Computers & Accessories › CE - Flat 250 off on CC - 5000,51999.0,meta quest,
Nokia,2.7,6.0,Electronics › Mobiles & Accessories › Smartphones & Basic Mobiles › Smartphones,5014.0,nokia,Smartphones & Basic Mobiles
MSI,5.0,8.0,Computers & Accessories › Monitors,86999.0,msi,
Jabra,4.4,273.0,Electronics › Home Audio › Speakers › Bluetooth Speakers,41580.0,jabra,Speakers
Whirlpool,4.1,1880.0,Home & Kitchen › Large Appliances › Refrigerators,13970.0,whirlpool,Refrigerators
Alto Professional,3.0,1.0,Musical Instruments › PA & Stage › Speakers,20900.0,alto professional,Speakers
IKALL,3.0,5.0,Electronics › Mobiles & Accessories › Smartphones & Basic Mobiles › Smartphones,7799.0,ikall,Smartphones & Basic Mobiles
TECLUSIVE,3.7,88.0,Video Games › Prime Day Coupons | Video Games,799.0,teclusive,
Gameson,2.6,16.0,Video Games › Legacy Systems › PlayStation Systems › PSP › Consoles,2998.0,gameson,PlayStation Systems
ASUS,3.1,6.0,Computers & Accessories › Laptops › Traditional Laptops,104990.0,asus,Traditional Laptops
BoAt,4.1,276340.0,"Electronics › Headphones, Earbuds & Accessories › Headphones › In-Ear",499.0,boat,Headphones
Creative,4.3,193.0,Electronics › Home Audio › Speakers › Bluetooth Speakers,7260.0,creative,Speakers
VIVO,4.8,899.0,Video Games › PlayStation 4 › Games,5778.21,vivo,Games
AYN,4.1,24.0,Toys & Games › Electronic Toys › Handheld Games,59769.0,ayn,Handheld Games
Bang & Olufsen,4.2,37.0,Electronics › Home Audio › Speakers › Multimedia Speaker Systems,75000.0,bang & olufsen,Speakers
SHOKZ,4.2,275.0,"Electronics › Headphones, Earbuds & Accessories › Headphones",13499.0,shokz,Headphones
Lenovo,3.4,64.0,Computers & Accessories › Laptops › Traditional Laptops,16329.0,lenovo,Traditional Laptops
New World,2.8,39.0,Toys & Games › Electronic Toys › Plug & Play Video Games,3399.0,new world,Plug & Play Video Games
soundcore,4.6,7.0,Electronics › Home Audio › Speakers › Bluetooth Speakers,6999.0,soundcore,Speakers
Nreal,3.9,30.0,"Electronics › Home Theater, TV & Video › Accessories › 3D Glasses",45999.0,nreal,Accessories
HiFiMAN,4.4,732.0,"Electronics › Headphones, Earbuds & Accessories › Headphones › Over-Ear",11999.0,hifiman,Headphones
Microsoft,4.1,6.0,Computers & Accessories › Laptops › Traditional Laptops,102990.0,microsoft,Traditional Laptops
Samsung,4.0,9490.0,Electronics › Mobiles & Accessories › Smartphones & Basic Mobiles › Smartphones,11990.0,samsung,Smartphones & Basic Mobiles
Dell,5.0,1.0,Computers & Accessories › Laptops › Traditional Laptops,50990.0,dell,Traditional Laptops
VYBE,1.0,1.0,Home & Kitchen › Large Appliances › Refrigerators,4449.0,vybe,Refrigerators
Mivi,4.3,38729.0,Electronics › Home Audio › Speakers › Bluetooth Speakers,799.0,mivi,Speakers
GSH,4.0,494.0,Toys & Games › Electronic Toys › Plug & Play Video Games,2299.0,gsh,Plug & Play Video Games
EvoFox,3.0,10.0,Video Games › Xbox Series X & S › Consoles,9999.0,evofox,Consoles
ZEBRONICS,3.5,39743.0,"Electronics › Headphones, Earbuds & Accessories › Headphones › In-Ear",169.0,zebronics,Headphones
MI,4.2,67782.0,"Electronics › Home Theater, TV & Video › Televisions › Smart Televisions",11490.0,mi,Televisions
Vibez,4.0,786.0,Fashion › Watches › Smartwatches & Activity tracker › Amoled,3199.0,vibez,Smartwatches & Activity tracker
JBL,3.8,46326.0,"Electronics › Headphones, Earbuds & Accessories › Headphones › Over-Ear",3999.0,jbl,Headphones
pTron,3.8,68563.0,"Electronics › Headphones, Earbuds & Accessories › Headphones › In-Ear",799.0,ptron,Headphones
Acer,4.2,2875.0,"Electronics › Home Theater, TV & Video › Televisions › Smart Televisions",10999.0,acer,Televisions
pTron,3.7,293.0,Electronics › Home Audio › Speakers › Bookshelf Speakers,498.0,ptron,Speakers
Logitech G,4.3,427.0,Computers & Accessories › Accessories & Peripherals › PC Gaming Peripherals › Headsets,13995.0,logitech g,PC Gaming Peripherals
boAt,3.9,4197.0,"Electronics › Headphones, Earbuds & Accessories › Headphones › Over-Ear",4499.0,boat,Headphones
Avolusion,4.5,244.0,Computers & Accessories › External Devices & Data Storage › External Hard Disks,19306.0,avolusion,External Hard Disks
Portronics,4.0,3975.0,Electronics › Home Audio › Speakers › Outdoor Speakers,1849.0,portronics,Speakers
VU,4.4,3218.0,"Electronics › Home Theater, TV & Video › Televisions › Smart Televisions",29990.0,vu,Televisions
JBL,3.8,46326.0,"Electronics › Headphones, Earbuds & Accessories › Headphones",2899.0,jbl,Headphones
Sony,4.3,3388.0,"Electronics › Headphones, Earbuds & Accessories › Headphones › Over-Ear",7990.0,sony,Headphones
STEAM DECK,4.1,16.0,Computers & Accessories › Accessories & Peripherals › Hard Disk Bags,63999.0,steam deck,Hard Disk Bags
BoAt,3.9,7782.0,Electronics › Home Audio › Speakers › Bluetooth Speakers,1399.0,boat,Speakers
boAt,4.1,171504.0,"Electronics › Headphones, Earbuds & Accessories › Headphones › In-Ear",999.0,boat,Headphones
Samsung,4.0,397.0,Electronics › Mobiles & Accessories › Smartphones & Basic Mobiles › Smartphones,37499.0,samsung,Smartphones & Basic Mobiles
Sennheiser,4.1,959.0,"Electronics › Headphones, Earbuds & Accessories › Headphones › In-Ear",15990.0,sennheiser,Headphones
Samsung,4.1,28289.0,Electronics › Mobiles & Accessories › Smartphones & Basic Mobiles › Smartphones,9199.0,samsung,Smartphones & Basic Mobiles
FYURI,5.0,2.0,Toys & Games › Electronic Toys › Plug & Play Video Games,5400.0,fyuri,Plug & Play Video Games
Acer,3.5,10.0,Computers & Accessories › Laptops › Traditional Laptops,84990.0,acer,Traditional Laptops
Lenovo,3.8,182.0,Computers & Accessories › Laptops › Traditional Laptops,23980.0,lenovo,Traditional Laptops
ZEBRONICS,4.0,24.0,"Electronics › Headphones, Earbuds & Accessories › Headphones › Over-Ear",999.0,zebronics,Headphones
ASUS,3.9,80.0,Computers & Accessories › Accessories & Peripherals › PC Gaming Peripherals › Headsets,9500.0,asus,PC Gaming Peripherals
HP,4.5,70.0,Computers & Accessories › Laptops › Traditional Laptops,92999.0,hp,Traditional Laptops
AYL,4.3,17.0,Electronics › Wearable Technology › Smart Watches,399.0,ayl,Smart Watches
Sony,4.2,8903.0,"Electronics › Headphones, Earbuds & Accessories › Headphones › On-Ear",2099.0,sony,Headphones
boAt,4.1,62638.0,"Electronics › Headphones, Earbuds & Accessories › Headphones › Over-Ear",2799.0,boat,Headphones
Xiaomi,4.4,1415.0,Electronics › Wearable Technology › Smart Watches,5990.0,xiaomi,Smart Watches
ViewSonic,4.1,4933.0,Computers & Accessories › Monitors,15899.0,viewsonic,
Klipsch,4.5,44.0,Electronics › Home Audio › Speakers,48688.0,klipsch,Speakers
boAt,4.2,43732.0,Electronics › Home Audio › Speakers › Bluetooth Speakers,1799.0,boat,Speakers
Samsung,4.2,7595.0,Home & Kitchen › Large Appliances › Refrigerators,13990.0,samsung,Refrigerators
Srhythm,4.3,12986.0,"Electronics › Headphones, Earbuds & Accessories › Headphones › Over-Ear",7599.0,srhythm,Headphones
Fastrack,4.0,1742.0,Electronics › Wearable Technology › Smart Watches,2499.0,fastrack,Smart Watches
Viart Creation,5.0,2.0,Toys & Games › Electronic Toys › Plug & Play Video Games,2599.0,viart creation,Plug & Play Video Games
Blaupunkt,3.8,11009.0,Electronics › Home Audio › Speakers › Soundbar Speakers,999.0,blaupunkt,Speakers
GSH,2.5,3.0,Toys & Games › Electronic Toys › Handheld Games,899.0,gsh,Handheld Games
Samsung,4.3,1087.0,Home & Kitchen › Large Appliances › Refrigerators,17990.0,samsung,Refrigerators
Marshall,4.6,1006.0,Electronics › Home Audio › Speakers › Bluetooth Speakers,16998.0,marshall,Speakers
JBL,4.6,9.0,Electronics › Home Audio › Speakers › Ceiling & In Wall Speakers,17999.0,jbl,Speakers
BOSTON LEVIN,4.1,152.0,"Electronics › Headphones, Earbuds & Accessories › Headphones › In-Ear",1199.0,boston levin,Headphones
Kingston,5.0,1.0,Computers & Accessories › Components › Memory,12999.0,kingston,Memory
soundcore,4.1,62881.0,"Electronics › Headphones, Earbuds & Accessories › Headphones › Over-Ear",3999.0,soundcore,Headphones
Marshall,4.4,932.0,Electronics › Home Audio › Speakers › Outdoor Speakers,18998.0,marshall,Speakers
IKALL,3.0,6.0,Electronics › Mobiles & Accessories › Smartphones & Basic Mobiles › Smartphones,7314.0,ikall,Smartphones & Basic Mobiles
ZEBRONICS,3.2,11.0,Electronics › Home Audio › Speakers › Bluetooth Speakers,1799.0,zebronics,Speakers
VU,4.2,4853.0,"Electronics › Home Theater, TV & Video › Televisions › Smart Televisions",24290.0,vu,Televisions
Riviera THE BRAND OF NEW ERA,3.9,21.0,"Electronics › Headphones, Earbuds & Accessories › Headphones › In-Ear",89.0,riviera the brand of new era,Headphones
Realme,4.0,36408.0,Electronics › Mobiles & Accessories › Smartphones & Basic Mobiles › Smartphones,8399.0,realme,Smartphones & Basic Mobiles
GSH,5.0,2.0,Toys & Games › Electronic Toys › Handheld Games,7799.0,gsh,Handheld Games
MI,4.2,67782.0,"Electronics › Home Theater, TV & Video › Televisions › Smart Televisions",31999.0,mi,Televisions
JCHPINE,4.4,105.0,Computers & Accessories › Accessories & Peripherals › PC Gaming Peripherals › Joysticks,7461.0,jchpine,PC Gaming Peripherals
Titan,3.7,16.0,Electronics › Wearable Technology › Smart Watches,8995.0,titan,Smart Watches
Voacle,4.4,205.0,Toys & Games › Electronic Toys › Plug & Play Video Games,8949.0,voacle,Plug & Play Video Games
Vu,4.5,1548.0,"Electronics › Home Theater, TV & Video › Televisions › Smart Televisions",79999.0,vu,Televisions
Marshall,4.4,4291.0,Electronics › Home Audio › Speakers › Bluetooth Speakers,19999.0,marshall,Speakers
BoAt,3.9,7782.0,Electronics › Home Audio › Speakers › Bluetooth Speakers,1499.0,boat,Speakers
GameSir,4.3,553.0,Video Games › No Cost EMI | Automated,14299.0,gamesir,
Logitech,3.9,50.0,"Electronics › Headphones, Earbuds & Accessories › Headphones › Over-Ear",10995.0,logitech,Headphones
MICROMINI,3.8,10.0,Video Games › Legacy Systems › PlayStation Systems › PSP › Consoles,6980.0,micromini,PlayStation Systems
Mivi,4.1,21334.0,Electronics › Home Audio › Speakers › Bluetooth Speakers,599.0,mivi,Speakers
Lava,4.0,1796.0,Electronics › Mobiles & Accessories › Smartphones & Basic Mobiles › Smartphones,9999.0,lava,Smartphones & Basic Mobiles
Crown,3.9,3.0,"Electronics › Home Theater, TV & Video › Televisions › Smart Televisions",8300.0,crown,Televisions
Lenovo,3.2,41.0,Computers & Accessories › Laptops › Traditional Laptops,16499.0,lenovo,Traditional Laptops
BoAt,4.0,4414.0,Electronics › Home Audio › Speakers › Bluetooth Speakers,899.0,boat,Speakers
JBL,4.1,57240.0,"Electronics › Headphones, Earbuds & Accessories › Headphones › In-Ear",749.0,jbl,Headphones
HP,2.8,29.0,Computers & Accessories › Laptops › Traditional Laptops,15999.0,hp,Traditional Laptops
JBL,4.4,21286.0,Electronics › Home Audio › Speakers › Bluetooth Speakers,13998.0,jbl,Speakers
IKALL,1.0,1.0,Electronics › Mobiles & Accessories › Smartphones & Basic Mobiles › Smartphones,6299.0,ikall,Smartphones & Basic Mobiles
Marshall,4.1,238.0,Electronics › Home Audio › Speakers › Multimedia Speaker Systems,17998.0,marshall,Speakers
ASUS,3.1,3.0,Computers & Accessories › Laptops › Traditional Laptops,86990.0,asus,Traditional Laptops
Noise,4.1,55.0,Electronics › Wearable Technology › Smart Watches,2999.0,noise,Smart Watches
Sonos,4.7,843.0,Electronics › Home Audio › Speakers › Bookshelf Speakers,49998.2,sonos,Speakers
esportic,3.4,31.0,Electronics › Wearable Technology › Smart Watches,899.0,esportic,Smart Watches
Tribit,4.4,2580.0,Electronics › Home Audio › Speakers › Bluetooth Speakers,8199.0,tribit,Speakers
Samsung,4.2,9813.0,"Electronics › Home Theater, TV & Video › Televisions › Smart Televisions",30990.0,samsung,Televisions
Sennheiser,4.3,3946.0,"Electronics › Headphones, Earbuds & Accessories › Headphones › Over-Ear",27990.0,sennheiser,Headphones
JBL,4.4,21286.0,Electronics › Home Audio › Speakers › Bluetooth Speakers,13999.0,jbl,Speakers
Nintendo,4.3,105.0,Video Games › Nintendo Switch › Consoles,18997.0,nintendo,Consoles
BoAt,4.1,391673.0,"Electronics › Headphones, Earbuds & Accessories › Headphones › In-Ear",349.0,boat,Headphones
boAt,4.1,37091.0,"Electronics › Headphones, Earbuds & Accessories › Headphones › In-Ear",399.0,boat,Headphones
NextTech,2.7,3.0,Toys & Games › Electronic Toys › Handheld Games,539.0,nexttech,Handheld Games
LEGO,4.9,89.0,Video Games › Legacy Systems › Xbox Systems,49899.0,lego,Xbox Systems
Nokia,3.1,1488.0,Electronics › Mobiles & Accessories › Smartphones & Basic Mobiles › Smartphones,5899.0,nokia,Smartphones & Basic Mobiles
Westinghouse,3.8,262.0,"Electronics › Home Theater, TV & Video › Televisions › Standard Televisions",5999.0,westinghouse,Televisions
Mabron,3.4,8.0,Toys & Games › Electronic Toys › Handheld Games,919.0,mabron,Handheld Games
JBL,3.9,106919.0,"Electronics › Headphones, Earbuds & Accessories › Headphones › In-Ear",499.0,jbl,Headphones
ASUS,4.5,12.0,Computers & Accessories › Laptops › Traditional Laptops,40920.0,asus,Traditional Laptops
TCL,4.0,863.0,"Electronics › Home Theater, TV & Video › Televisions › Smart Televisions",59990.0,tcl,Televisions
OnePlus,4.1,11823.0,"Electronics › Home Theater, TV & Video › Televisions › Smart Televisions",31999.0,oneplus,Televisions
Drumstone,2.8,3.0,Toys & Games › Electronic Toys › Plug & Play Video Games,3999.0,drumstone,Plug & Play Video Games
JBL,3.8,46326.0,"Electronics › Headphones, Earbuds & Accessories › Headphones › Over-Ear",2899.0,jbl,Headphones
LOPAZ,4.1,9.0,Electronics › Wearable Technology › Smart Watches,749.0,lopaz,Smart Watches
VYBE,3.0,20.0,Home & Kitchen › Large Appliances › Refrigerators,4849.0,vybe,Refrigerators
Fastrack,3.9,5028.0,Fashion › Watches › Smartwatches & Activity tracker › BT calling,1499.0,fastrack,Smartwatches & Activity tracker
NV,4.0,55.0,Video Games › PlayStation 5 › Accessories › Cases & Storage › Cases,251.0,nv,Accessories
connect2kidz,5.0,4.0,Electronics › Wearable Technology › Smart Watches,7999.0,connect2kidz,Smart Watches
Mabron,5.0,1.0,Toys & Games › Electronic Toys › Handheld Games,799.0,mabron,Handheld Games
Ambrane,3.8,1429.0,"Electronics › Headphones, Earbuds & Accessories › Headphones › In-Ear",179.0,ambrane,Headphones
ZEBRONICS,3.7,1161.0,"Electronics › Headphones, Earbuds & Accessories › Headphones › Over-Ear",699.0,zebronics,Headphones
HP,3.9,67.0,Computers & Accessories › Laptops › Traditional Laptops,60990.0,hp,Traditional Laptops
BoAt,3.9,1795.0,"Electronics › Headphones, Earbuds & Accessories › Headphones › In-Ear",349.0,boat,Headphones
Generic,2.5,3.0,Video Games › Video Games NCEMI,1699.0,generic,
Bang & Olufsen,4.5,1503.0,Electronics › Home Audio › Speakers › Bluetooth Speakers,17998.0,bang & olufsen,Speakers
Lenovo,4.5,2.0,Computers & Accessories › Laptops › Traditional Laptops,48990.0,lenovo,Traditional Laptops
BlackBerry,3.7,57.0,Electronics › Mobiles & Accessories › Smartphones & Basic Mobiles › Smartphones,23199.0,blackberry,Smartphones & Basic Mobiles
ZEBSTER,3.2,820.0,"Electronics › Headphones, Earbuds & Accessories › Headphones › Over-Ear",349.0,zebster,Headphones
OnePlus,4.1,134155.0,"Electronics › Headphones, Earbuds & Accessories › Headphones › In-Ear",2299.0,oneplus,Headphones
Samsung,3.9,12723.0,Electronics › Mobiles & Accessories › Smartphones & Basic Mobiles › Smartphones,7499.0,samsung,Smartphones & Basic Mobiles
Harman Kardon,4.1,38.0,Electronics › Home Audio › Speakers,23999.0,harman kardon,Speakers
VGRASSP,3.2,170.0,Toys & Games › Electronic Toys › Handheld Games,861.0,vgrassp,Handheld Games
AXL,3.2,177.0,Computers & Accessories › Laptops › Traditional Laptops,14990.0,axl,Traditional Laptops
KAAS,3.5,4.0,Video Games › Legacy Systems › Nintendo Systems,399.0,kaas,Nintendo Systems
Razer,4.1,61.0,Computers & Accessories › Accessories & Peripherals › PC Gaming Peripherals › Gamepads,11799.0,razer,PC Gaming Peripherals
HP,3.6,15.0,Computers & Accessories › Laptops › Traditional Laptops,14899.0,hp,Traditional Laptops
Haier,4.0,114.0,Home & Kitchen › Large Appliances › Refrigerators,25490.0,haier,Refrigerators
Edifier,4.4,6049.0,Electronics › Home Audio › Speakers › Bookshelf Speakers,10451.0,edifier,Speakers
WTG,3.0,87.0,Electronics › Wearable Technology › Smart Watches,660.0,wtg,Smart Watches
Amazon basics,4.4,23188.0,Computers & Accessories › Accessories & Peripherals › Audio & Video Accessories › PC Speakers,379.0,amazon basics,Audio & Video Accessories
MICROMINI,2.0,1.0,Video Games › Online Game Services,12499.0,micromini,
ZEBRONICS,3.9,84.0,Computers & Accessories › Laptops › Traditional Laptops,39990.0,zebronics,Traditional Laptops
IQOO,4.3,2073.0,Electronics › Mobiles & Accessories › Smartphones & Basic Mobiles › Smartphones,23999.0,iqoo,Smartphones & Basic Mobiles
Oraimo,3.9,78.0,"Electronics › Headphones, Earbuds & Accessories › Headphones › Open-Ear Headphones",5999.0,oraimo,Headphones
Vu,4.5,1548.0,"Electronics › Home Theater, TV & Video › Televisions › Smart Televisions",119999.0,vu,Televisions
Hammer,3.8,1815.0,"Electronics › Headphones, Earbuds & Accessories › Headphones › Over-Ear",2099.0,hammer,Headphones
Lenovo,4.4,5037.0,Computers & Accessories › Laptops › Traditional Laptops,18990.0,lenovo,Traditional Laptops
X Electron,4.2,59.0,"Electronics › Home Theater, TV & Video › Televisions › Smart Televisions",8499.0,x electron,Televisions
Dell,3.0,2.0,Computers & Accessories › Laptops › Traditional Laptops,17990.0,dell,Traditional Laptops
boAt,4.1,62638.0,"Electronics › Headphones, Earbuds & Accessories › Headphones › Over-Ear",2799.0,boat,Headphones
YAMAHA,3.2,30.0,"Electronics › Headphones, Earbuds & Accessories › Headphones › On-Ear",11682.0,yamaha,Headphones
2&CO,5.0,1.0,Video Games › PlayStation 5,36990.0,2&co,
Generic,4.7,60.0,Video Games › No Cost EMI | Automated,65000.0,generic,
LG Electronics India Pvt. Ltd,4.3,1660.0,Home & Kitchen › Large Appliances › Refrigerators,16290.0,lg electronics india pvt. ltd,Refrigerators
ASUS,5.0,2.0,Computers & Accessories › Laptops › Traditional Laptops,94990.0,asus,Traditional Laptops
Sonodyne,4.3,46.0,Electronics › Home Audio › Speakers › Bluetooth Speakers,20999.0,sonodyne,Speakers
Sennheiser Professional Audio,4.5,1719.0,"Electronics › Headphones, Earbuds & Accessories › Headphones › On-Ear",10325.0,sennheiser professional audio,Headphones
Redmi,3.8,4255.0,Electronics › Mobiles & Accessories › Smartphones & Basic Mobiles › Smartphones,6299.0,redmi,Smartphones & Basic Mobiles
LG,4.0,1250.0,Electronics › Home Audio › Speakers › Soundbar Speakers,8988.0,lg,Speakers
Samsung,4.5,2.0,"Electronics › Home Theater, TV & Video › Televisions › Smart Televisions",115000.0,samsung,Televisions
Sony,4.0,9736.0,Electronics › Home Audio › Speakers › Bluetooth Speakers,2988.0,sony,Speakers
Fossil,3.8,1889.0,Fashion › Watches › Smartwatches & Activity tracker › Smartwatches,9598.0,fossil,Smartwatches & Activity tracker
PTron,3.6,18.0,Electronics › Home Audio › Speakers › Bluetooth Speakers,598.0,ptron,Speakers
Titan,3.7,16.0,Electronics › Wearable Technology › Smart Watches,9995.0,titan,Smart Watches
TOZO,4.4,724.0,"Electronics › Headphones, Earbuds & Accessories › Headphones › In-Ear",13850.0,tozo,Headphones
LG,4.3,1468.0,Home & Kitchen › Large Appliances › Refrigerators,20990.0,lg,Refrigerators
Muzen,4.3,1240.0,Electronics › Home Audio › Speakers › Bluetooth Speakers,5499.0,muzen,Speakers
ALT,4.4,513.0,"Electronics › Home Theater, TV & Video › Televisions › Smart Televisions",29999.0,alt,Televisions
Samsung,4.0,780.0,Electronics › Mobiles & Accessories › Smartphones & Basic Mobiles › Smartphones,29999.0,samsung,Smartphones & Basic Mobiles
Infinity,3.8,66682.0,"Electronics › Headphones, Earbuds & Accessories › Headphones › In-Ear",799.0,infinity,Headphones
BoAt,4.2,43732.0,Electronics › Home Audio › Speakers › Bluetooth Speakers,1799.0,boat,Speakers
Sony,4.2,7160.0,"Electronics › Headphones, Earbuds & Accessories › Headphones › On-Ear",3990.0,sony,Headphones
Acer,4.3,196.0,Computers & Accessories › Laptops › Traditional Laptops,179990.0,acer,Traditional Laptops
Fire-Boltt,4.2,127208.0,Fashion › Onam 2021 › Watches and fashion jewellery › Watches top brands,1999.0,fire-boltt,Watches and fashion jewellery
MI,4.2,67782.0,"Electronics › Home Theater, TV & Video › Televisions › Smart Televisions",29999.0,mi,Televisions
ViewSonic,4.5,1285.0,Computers & Accessories › Monitors,18999.0,viewsonic,
HP,3.2,26.0,Computers & Accessories › Laptops › Traditional Laptops,18990.0,hp,Traditional Laptops
Marshall,4.5,254.0,Electronics › Home Audio › Speakers › Bluetooth Speakers,31999.0,marshall,Speakers
Acer,4.0,29.0,Computers & Accessories › Laptops › Traditional Laptops,29499.0,acer,Traditional Laptops
SHOKZ,4.5,16450.0,"Electronics › Headphones, Earbuds & Accessories › Headphones",13499.0,shokz,Headphones
Lenovo,4.1,76.0,Computers & Accessories › Laptops › Traditional Laptops,62494.0,lenovo,Traditional Laptops
SHOKZ,4.2,275.0,"Electronics › Headphones, Earbuds & Accessories › Headphones › Open-Ear Headphones",13499.0,shokz,Headphones
Huawei,4.4,5649.0,Electronics › Wearable Technology › Smart Watches,5499.0,huawei,Smart Watches
Lenovo,3.9,112.0,Computers & Accessories › Laptops › Traditional Laptops,33790.0,lenovo,Traditional Laptops
Cranique,4.4,23.0,Video Games › PlayStation 5 › Accessories › Cases & Storage › Cases,251.0,cranique,Accessories
Generic,2.2,11.0,Video Games › Video Games NCEMI,999.0,generic,
Motorola,3.4,162.0,Electronics › Mobiles & Accessories › Smartphones & Basic Mobiles › Smartphones,49999.0,motorola,Smartphones & Basic Mobiles
KODAK,3.9,1734.0,"Electronics › Home Theater, TV & Video › Televisions › Smart Televisions",18999.0,kodak,Televisions
Viart Creation,5.0,1.0,Toys & Games › Electronic Toys › Plug & Play Video Games,5499.0,viart creation,Plug & Play Video Games
Skullcandy,4.2,411.0,Video Games › PlayStation 4 › Accessories › Headsets,8277.0,skullcandy,Accessories
Vu,4.5,1548.0,"Electronics › Home Theater, TV & Video › Televisions › Smart Televisions",87990.0,vu,Televisions
realme,3.9,8008.0,Electronics › Mobiles & Accessories › Smartphones & Basic Mobiles › Smartphones,9999.0,realme,Smartphones & Basic Mobiles
VW,4.2,1696.0,"Electronics › Home Theater, TV & Video › Televisions › Smart Televisions",7499.0,vw,Televisions
BlackBerry,3.6,18.0,Electronics › Mobiles & Accessories › Smartphones & Basic Mobiles › Smartphones,22999.0,blackberry,Smartphones & Basic Mobiles
TCL,4.1,3727.0,"Electronics › Home Theater, TV & Video › Televisions › Smart Televisions",10490.0,tcl,Televisions
Portronics,4.2,20815.0,Electronics › Home Audio › Speakers › Bluetooth Speakers,1499.0,portronics,Speakers
Micca,4.5,503.0,Electronics › Home Audio › Speakers › Bookshelf Speakers,7990.0,micca,Speakers
JBL,3.8,46326.0,"Electronics › Headphones, Earbuds & Accessories › Headphones › Over-Ear",4499.0,jbl,Headphones
ASUS,4.6,3.0,Computers & Accessories › Laptops › Traditional Laptops,73990.0,asus,Traditional Laptops
JBL,3.3,34.0,Electronics › Home Audio › Speakers › Bluetooth Speakers,5499.0,jbl,Speakers
Samsung,3.9,4719.0,Electronics › Mobiles & Accessories › Smartphones & Basic Mobiles › Smartphones,20999.0,samsung,Smartphones & Basic Mobiles
Yamaha,4.1,131.0,Electronics › Home Audio › Speakers › Multimedia Speaker Systems,16533.0,yamaha,Speakers
soundcore,4.6,4981.0,"Electronics › Headphones, Earbuds & Accessories › Headphones › Over-Ear",4499.0,soundcore,Headphones
Bose,4.3,142.0,Electronics › Home Audio › Speakers › Multimedia Speaker Systems,38400.0,bose,Speakers
NINKI,4.1,30.0,"Computers & Accessories › Accessories & Peripherals › Tablet Accessories › Bags,Cases & Sleeves › Cases",7039.0,ninki,Tablet Accessories
JBL,3.8,46326.0,"Electronics › Headphones, Earbuds & Accessories › Headphones › Over-Ear",2899.0,jbl,Headphones
Logitech G,4.4,620.0,Computers & Accessories › Accessories & Peripherals › PC Gaming Peripherals › Headsets,14995.0,logitech g,PC Gaming Peripherals
F&D,4.2,2513.0,Electronics › Home Audio › Speakers › Multimedia Speaker Systems,5625.0,f&d,Speakers
DJI,4.4,6537.0,Electronics › Mobiles & Accessories › Mobile Accessories › Photo & Video Accessories › Handheld Gimbals & Stabilisers,12988.0,dji,Mobile Accessories
Polk Audio,4.7,1159.0,Electronics › Home Audio › Speakers › Ceiling & In Wall Speakers,17190.0,polk audio,Speakers
CULTSPORT,4.2,1874.0,Electronics › Wearable Technology › Smart Watches,3499.0,cultsport,Smart Watches
boAt,3.9,4197.0,"Electronics › Headphones, Earbuds & Accessories › Headphones › Over-Ear",3999.0,boat,Headphones
ZEBRONICS,4.0,174.0,Electronics › Home Audio › Speakers › Bluetooth Speakers,2999.0,zebronics,Speakers
ASUS,3.6,7.0,Computers & Accessories › Laptops › Traditional Laptops,55990.0,asus,Traditional Laptops
GameSir,4.0,2848.0,Electronics › Mobiles & Accessories › Mobile Accessories › Gaming Accessories › Controllers,7299.0,gamesir,Mobile Accessories
Sony,4.3,8980.0,"Electronics › Headphones, Earbuds & Accessories › Headphones › Over-Ear",10990.0,sony,Headphones
SKYBALL,2.8,21.0,Electronics › Home Audio › Speakers › Tower Speakers,5499.0,skyball,Speakers
Geek Theory,4.3,1284.0,Toys & Games › Electronic Toys › Handheld Games,16102.51,geek theory,Handheld Games
Sonos,4.7,4790.0,Electronics › Home Audio › Speakers › Bluetooth Speakers,32998.25,sonos,Speakers
CodersParadise,4.4,685.0,Computers & Accessories › Accessories & Peripherals › Laptop Accessories › Skin Stickers › Decals,289.0,codersparadise,Laptop Accessories
Mabron,5.0,1.0,Toys & Games › Electronic Toys › Handheld Games,919.0,mabron,Handheld Games
TELLUR,4.1,93.0,Electronics › Home Audio › Speakers › Bluetooth Speakers,9171.0,tellur,Speakers
Acer,4.3,4807.0,"Electronics › Home Theater, TV & Video › Televisions › Smart Televisions",33999.0,acer,Televisions
Sony,4.7,393.0,"Electronics › Home Theater, TV & Video › Televisions › Smart Televisions",59840.0,sony,Televisions
Dyanora,3.9,234.0,"Electronics › Home Theater, TV & Video › Televisions › Standard Televisions",7499.0,dyanora,Televisions
boAt,4.0,20902.0,Electronics › Home Audio › Speakers › Outdoor Speakers,1099.0,boat,Speakers
boAt,4.1,92974.0,"Electronics › Headphones, Earbuds & Accessories › Headphones › In-Ear",499.0,boat,Headphones
IKALL,1.5,2.0,Electronics › Mobiles & Accessories › Smartphones & Basic Mobiles › Smartphones,6798.0,ikall,Smartphones & Basic Mobiles
boAt,4.1,276340.0,"Electronics › Headphones, Earbuds & Accessories › Headphones › In-Ear",399.0,boat,Headphones
Infinity,4.1,26625.0,Electronics › Home Audio › Speakers › Bluetooth Speakers,1498.0,infinity,Speakers
MOUJI,4.7,4.0,"Electronics › Laptops, Tablets & Cameras › Tablets",32669.0,mouji,Tablets
Nintendo,4.6,3527.0,Video Games › Nintendo Switch › Consoles,32399.0,nintendo,Consoles
Sennheiser,3.9,6384.0,"Electronics › Headphones, Earbuds & Accessories › Headphones › Over-Ear",5490.0,sennheiser,Headphones
JBL,4.4,32018.0,Electronics › Home Audio › Speakers › Bluetooth Speakers,9998.0,jbl,Speakers
ASUS,4.4,242.0,Computers & Accessories › Accessories & Peripherals › PC Gaming Peripherals › Headsets,34640.0,asus,PC Gaming Peripherals
amazon basics,4.9,93.0,"Electronics › Headphones, Earbuds & Accessories › Headphones › In-Ear",899.0,amazon basics,Headphones
Portronics,3.9,1237.0,"Electronics › Headphones, Earbuds & Accessories › Headphones › In-Ear",199.0,portronics,Headphones
PTron,4.1,4244.0,Electronics › Home Audio › Speakers › Bluetooth Speakers,1399.0,ptron,Speakers
Sony,4.3,17615.0,"Electronics › Headphones, Earbuds & Accessories › Headphones › In-Ear",2149.0,sony,Headphones
OnePlus,4.1,11823.0,"Electronics › Home Theater, TV & Video › Televisions › Smart Televisions",36990.0,oneplus,Televisions
MSI,4.0,35.0,Computers & Accessories › Laptops › Traditional Laptops,105990.0,msi,Traditional Laptops
Viart Creation,3.1,40.0,Toys & Games › Electronic Toys › Plug & Play Video Games,2599.0,viart creation,Plug & Play Video Games
LG,4.2,3603.0,"Electronics › Home Theater, TV & Video › Televisions › Smart Televisions",33990.0,lg,Televisions
Lenovo,4.2,14.0,Computers & Accessories › Laptops › Traditional Laptops,80190.0,lenovo,Traditional Laptops
Acer,3.8,161.0,"Electronics › Home Theater, TV & Video › Televisions › Standard Televisions",7999.0,acer,Televisions
LS LAPSTER Quality Assured,3.4,2356.0,Electronics › Wearable Technology › Smart Watches & Accessories › Charging Docks,149.0,ls lapster quality assured,Smart Watches & Accessories
Harman Kardon,4.6,142.0,Electronics › Home Audio › Speakers › Bluetooth Speakers,16299.0,harman kardon,Speakers
Dell,3.6,8.0,Computers & Accessories › Laptops › 2 in 1 Laptops,99490.0,dell,2 in 1 Laptops
Noise,4.0,13308.0,Electronics › Wearable Technology › Smart Watches,1498.0,noise,Smart Watches
Redmi,3.8,4255.0,Electronics › Mobiles & Accessories › Smartphones & Basic Mobiles › Smartphones,6799.0,redmi,Smartphones & Basic Mobiles
MI,4.0,4497.0,Electronics › Home Audio › Speakers › Outdoor Speakers,1997.0,mi,Speakers
Sameo,3.0,3.0,Computers & Accessories › Accessories & Peripherals › PC Gaming Peripherals › Gamepads,2599.0,sameo,PC Gaming Peripherals
EvoFox,3.9,1628.0,Computers & Accessories › Accessories & Peripherals › PC Gaming Peripherals › Gamepads,1424.0,evofox,PC Gaming Peripherals
Logitech,4.0,16363.0,"Electronics › Headphones, Earbuds & Accessories › Headphones › On-Ear",745.0,logitech,Headphones
Whirlpool,4.2,445.0,Home & Kitchen › Large Appliances › Microwave Ovens,10990.0,whirlpool,Microwave Ovens
Tribit,4.5,1591.0,Electronics › Home Audio › Speakers › Outdoor Speakers,15081.0,tribit,Speakers
Samsung,3.8,568.0,Electronics › Mobiles & Accessories › Smartphones & Basic Mobiles › Smartphones,22999.0,samsung,Smartphones & Basic Mobiles
Thyana's,1.0,1.0,Toys & Games › Electronic Toys › Handheld Games,285.0,thyana's,Handheld Games
Sony,4.3,3382.0,"Electronics › Headphones, Earbuds & Accessories › Headphones › Over-Ear",7990.0,sony,Headphones
Sonodyne,4.3,46.0,Electronics › Home Audio › Speakers › Outdoor Speakers,20999.0,sonodyne,Speakers
Titan,3.7,16.0,Fashion › Watches › Smartwatches & Activity tracker › BT calling,8995.0,titan,Smartwatches & Activity tracker
ASUS,3.5,12.0,Computers & Accessories › Laptops › Traditional Laptops,112990.0,asus,Traditional Laptops
amazon basics,5.0,1.0,"Electronics › Home Theater, TV & Video › Accessories › Cables › HDMI Cables",429.0,amazon basics,Accessories
pTron,3.6,4743.0,"Electronics › Headphones, Earbuds & Accessories › Headphones › In-Ear",399.0,ptron,Headphones
beatXP,3.1,158.0,Electronics › Wearable Technology › Smart Watches,999.0,beatxp,Smart Watches
boAt,3.9,101058.0,"Electronics › Headphones, Earbuds & Accessories › Headphones › In-Ear",999.0,boat,Headphones
Samsung,4.1,28289.0,Electronics › Mobiles & Accessories › Smartphones & Basic Mobiles › Smartphones,11499.0,samsung,Smartphones & Basic Mobiles
HP,4.1,1497.0,Computers & Accessories › Laptops › Traditional Laptops,38990.0,hp,Traditional Laptops
OnePlus,4.1,5224.0,"Electronics › Headphones, Earbuds & Accessories › Headphones › In-Ear",799.0,oneplus,Headphones
OnePlus,4.0,3405.0,Electronics › Mobiles & Accessories › Smartphones & Basic Mobiles › Smartphones,28998.0,oneplus,Smartphones & Basic Mobiles
Waveshare,3.8,38.0,Computers & Accessories › Components › Barebones,26265.0,waveshare,Barebones
KODAK,4.2,1367.0,"Electronics › Home Theater, TV & Video › Televisions › Smart Televisions",9299.0,kodak,Televisions
AXVOLT,3.9,86.0,"Electronics › Home Theater, TV & Video › Televisions › Smart Televisions",1299.0,axvolt,Televisions
CrossBeats,3.9,817.0,Electronics › Home Audio › Speakers › Soundbar Speakers,1599.0,crossbeats,Speakers
Nokia,3.7,153.0,Electronics › Mobiles & Accessories › Smartphones & Basic Mobiles › Smartphones,8999.0,nokia,Smartphones & Basic Mobiles
Sennheiser,4.1,3581.0,"Electronics › Headphones, Earbuds & Accessories › Headphones › Over-Ear",4490.0,sennheiser,Headphones
Audio-Technica,4.4,839.0,"Electronics › Headphones, Earbuds & Accessories › Headphones › Over-Ear",7790.0,audio-technica,Headphones
Nokia,3.6,442.0,Electronics › Mobiles & Accessories › Smartphones & Basic Mobiles › Smartphones,8999.0,nokia,Smartphones & Basic Mobiles
Samsung,3.9,12723.0,Electronics › Mobiles & Accessories › Smartphones & Basic Mobiles › Smartphones,6499.0,samsung,Smartphones & Basic Mobiles
karya siddhi traders,3.7,4.0,Video Games › HandHeld Gaming,549.0,karya siddhi traders,
IKALL,1.0,3.0,Electronics › Mobiles & Accessories › Smartphones & Basic Mobiles › Smartphones,6999.0,ikall,Smartphones & Basic Mobiles
Sennheiser,3.7,2971.0,"Electronics › Headphones, Earbuds & Accessories › Headphones › On-Ear",2587.0,sennheiser,Headphones
Nokia,3.2,88.0,Electronics › Mobiles & Accessories › Smartphones & Basic Mobiles › Smartphones,7099.0,nokia,Smartphones & Basic Mobiles
LG,4.3,3836.0,Computers & Accessories › Monitors,33099.0,lg,
HP,2.8,33.0,Computers & Accessories › Laptops › Traditional Laptops,16199.0,hp,Traditional Laptops
TCL,4.0,863.0,"Electronics › Home Theater, TV & Video › Televisions › Smart Televisions",39990.0,tcl,Televisions
Hisense,4.0,1029.0,"Electronics › Home Theater, TV & Video › Televisions › Smart Televisions",57999.0,hisense,Televisions
boAt,4.1,109460.0,"Electronics › Headphones, Earbuds & Accessories › Headphones › On-Ear",1699.0,boat,Headphones
boAt,4.1,92974.0,"Electronics › Headphones, Earbuds & Accessories › Headphones › In-Ear",449.0,boat,Headphones
realme,4.0,7310.0,Electronics › Mobiles & Accessories › Smartphones & Basic Mobiles › Smartphones,7499.0,realme,Smartphones & Basic Mobiles
JBL,4.2,8297.0,Electronics › Home Audio › Speakers › Bluetooth Speakers,18999.0,jbl,Speakers
BoAt,4.0,30716.0,"Electronics › Headphones, Earbuds & Accessories › Headphones › In-Ear",329.0,boat,Headphones
Tribit,4.5,1963.0,Electronics › Home Audio › Speakers › Outdoor Speakers,4090.0,tribit,Speakers
JBL,4.4,8896.0,Electronics › Home Audio › Speakers › Bluetooth Speakers,4279.0,jbl,Speakers
Razer,4.2,407.0,Computers & Accessories › Accessories & Peripherals › PC Gaming Peripherals › Headsets,31358.0,razer,PC Gaming Peripherals
Nothing,3.8,22.0,Electronics › Mobiles & Accessories › Smartphones & Basic Mobiles › Smartphones,49989.0,nothing,Smartphones & Basic Mobiles
VW,4.1,2511.0,"Electronics › Home Theater, TV & Video › Televisions › Smart Televisions",12999.0,vw,Televisions
boAt,4.1,109460.0,"Electronics › Headphones, Earbuds & Accessories › Headphones › On-Ear",1958.0,boat,Headphones
Morphy Richards,4.3,698.0,Home & Kitchen › Kitchen & Dining › Kitchen Storage & Containers › Microwave Sets,10990.0,morphy richards,Kitchen Storage & Containers
Fujitsu,3.7,17.0,Computers & Accessories › Laptops › Traditional Laptops,73990.0,fujitsu,Traditional Laptops
Samsung,4.0,113.0,Electronics › Mobiles & Accessories › Smartphones & Basic Mobiles › Smartphones,99999.0,samsung,Smartphones & Basic Mobiles
Lenovo,3.1,635.0,Computers & Accessories › Laptops › Traditional Laptops,15747.0,lenovo,Traditional Laptops
Nu,4.5,669.0,"Electronics › Home Theater, TV & Video › Televisions › Smart Televisions",11990.0,nu,Televisions
Vanguard,4.3,171.0,Electronics › Cameras & Photography › Accessories › Cases & Bags › Camera Backpacks,10509.0,vanguard,Accessories
OnePlus,4.0,3405.0,Electronics › Mobiles & Accessories › Smartphones & Basic Mobiles › Smartphones,26999.0,oneplus,Smartphones & Basic Mobiles
ASUS,4.0,523.0,Computers & Accessories › Laptops › Traditional Laptops,36990.0,asus,Traditional Laptops
Fire-Boltt,4.1,41186.0,Fashion › Onam 2021 › Watches and fashion jewellery › Watches top brands,1499.0,fire-boltt,Watches and fashion jewellery
HP,4.1,2407.0,Computers & Accessories › Laptops › Traditional Laptops,40499.0,hp,Traditional Laptops
TMG Store,3.7,15.0,Toys & Games › Electronic Toys › Handheld Games,999.0,tmg store,Handheld Games
NextTech,3.0,1.0,Toys & Games › Electronic Toys › Plug & Play Video Games,4649.0,nexttech,Plug & Play Video Games
BoAt,4.1,173914.0,"Electronics › Headphones, Earbuds & Accessories › Headphones › In-Ear",499.0,boat,Headphones
VASAGLE,4.6,1925.0,Home & Kitchen › Furniture › Living Room Furniture › TV & Entertainment Units,61152.97,vasagle,Living Room Furniture
Samsung,4.2,35479.0,"Electronics › Headphones, Earbuds & Accessories › Headphones › In-Ear",449.0,samsung,Headphones
JBL,4.2,58.0,Electronics › Home Audio › Speakers › Ceiling & In Wall Speakers,11249.0,jbl,Speakers
JBL,4.5,284.0,Electronics › Home Audio › Speakers › Bluetooth Speakers,19999.0,jbl,Speakers
ASUS,3.9,404.0,Computers & Accessories › Laptops › Traditional Laptops,64990.0,asus,Traditional Laptops
Green Soul,4.1,32.0,Home & Kitchen › Furniture › Study & Home Office Furniture › Desks & Workstations › Desks,25999.0,green soul,Study & Home Office Furniture
Marshall,3.2,2868.0,"Electronics › Headphones, Earbuds & Accessories › Headphones › In-Ear",11039.0,marshall,Headphones
Jabra,4.3,138.0,"Electronics › Headphones, Earbuds & Accessories › Headphones › In-Ear",16999.0,jabra,Headphones
pTron,3.5,59765.0,"Electronics › Headphones, Earbuds & Accessories › Headphones › In-Ear",189.0,ptron,Headphones
DUDUSTRONG,4.1,9.0,Video Games › Nintendo Switch › Accessories › Cases & Storage,585.0,dudustrong,Accessories
Jabra,4.7,5359.0,Electronics › Home Audio › Speakers › Bluetooth Speakers,22557.0,jabra,Speakers
JBL,3.8,46326.0,"Electronics › Headphones, Earbuds & Accessories › Headphones › Over-Ear",4444.0,jbl,Headphones
ZEBRONICS,3.9,11769.0,"Electronics › Headphones, Earbuds & Accessories › Headphones › Over-Ear",1099.0,zebronics,Headphones
boAt,4.1,391673.0,"Electronics › Headphones, Earbuds & Accessories › Headphones › In-Ear",399.0,boat,Headphones
VALVE,4.5,24.0,"Electronics › Laptops, Tablets & Cameras › Tablets",57990.0,valve,Tablets
Sony,4.0,51989.0,Electronics › Electronics › Headphones › Headphones Below 999,773.0,sony,Headphones
Sony,4.1,570.0,Electronics › Home Audio › Speakers › Bluetooth Speakers,12988.0,sony,Speakers
ThrustMaster,4.5,4627.0,Video Games › PC Games › Accessories › Controllers › Flight Controls,15990.0,thrustmaster,Accessories
Ultimate Ears,4.2,8540.0,Electronics › Home Audio › Speakers › Outdoor Speakers,13995.0,ultimate ears,Speakers
New World,3.2,1271.0,Video Games › Prime Day Coupons | Video Games,729.0,new world,
Sony,4.4,36.0,Electronics › Home Audio › Speakers › Bluetooth Speakers,43519.0,sony,Speakers
MSI,4.4,21.0,Computers & Accessories › Laptops › Traditional Laptops,36990.0,msi,Traditional Laptops
SKY BUYER,3.0,58.0,Electronics › Wearable Technology › Smart Watches,499.0,sky buyer,Smart Watches
ZEBRONICS,3.7,143.0,Electronics › Home Audio › Speakers › Bluetooth Speakers,999.0,zebronics,Speakers
CrossBeats,4.3,1539.0,Electronics › Wearable Technology › Smart Watches,1999.0,crossbeats,Smart Watches
Nintendo,4.5,591.0,Video Games › Nintendo Switch › Consoles,31990.0,nintendo,Consoles
Titan,3.7,16.0,Electronics › Wearable Technology › Smart Watches,7995.0,titan,Smart Watches
Oraimo,4.1,282.0,"Electronics › Headphones, Earbuds & Accessories › Headphones › Open-Ear Headphones",5699.0,oraimo,Headphones
Marshall,4.7,181.0,Electronics › Home Audio › Speakers › Bluetooth Speakers,31999.0,marshall,Speakers
ENHANCE,4.8,92.0,Video Games › Xbox Series X & S › Accessories › Cases & Storage › Cases,14325.0,enhance,Accessories
IKALL,4.2,2.0,Electronics › Mobiles & Accessories › Smartphones & Basic Mobiles › Smartphones,6798.0,ikall,Smartphones & Basic Mobiles
Blaupunkt,4.0,831.0,Electronics › Home Audio › Speakers › Bluetooth Speakers,899.0,blaupunkt,Speakers
ZEBRONICS,3.5,39743.0,"Electronics › Headphones, Earbuds & Accessories › Headphones › In-Ear",129.0,zebronics,Headphones
Fire-Boltt,4.0,7763.0,Electronics › Wearable Technology › Smart Watches,2499.0,fire-boltt,Smart Watches
Enfogo,5.0,1.0,Toys & Games › Electronic Toys › Plug & Play Video Games,1995.0,enfogo,Plug & Play Video Games
Samsung,4.5,676.0,Electronics › Mobiles & Accessories › Smartphones & Basic Mobiles › Smartphones,134999.0,samsung,Smartphones & Basic Mobiles
Fastrack,3.9,5028.0,Fashion › Watches › Smartwatches & Activity tracker › BT calling,1799.0,fastrack,Smartwatches & Activity tracker
Acer,3.7,12.0,Computers & Accessories › Laptops › Traditional Laptops,41990.0,acer,Traditional Laptops
Artis,4.2,4.0,Electronics › Home Audio › Speakers › Bluetooth Speakers,8499.0,artis,Speakers
Krisons,3.3,72.0,Electronics › Home Audio › Speakers › Tower Speakers,1599.0,krisons,Speakers
ASUS,5.0,4.0,Computers & Accessories › Laptops › Traditional Laptops,80490.0,asus,Traditional Laptops
Vu,4.4,3218.0,"Electronics › Home Theater, TV & Video › Televisions › Smart Televisions",39990.0,vu,Televisions
New World,3.0,37.0,Video Games › Legacy Systems › PlayStation Systems › PSP › Consoles,2728.0,new world,PlayStation Systems
Sony,4.1,433.0,Electronics › Home Audio › Speakers › Bluetooth Speakers,4487.0,sony,Speakers
boAt,4.0,4414.0,Electronics › Home Audio › Speakers › Bluetooth Speakers,899.0,boat,Speakers
Nothing,3.6,313.0,Electronics › Mobiles & Accessories › Smartphones & Basic Mobiles › Smartphones,42399.0,nothing,Smartphones & Basic Mobiles
TechKing,2.6,2.0,Toys & Games › Electronic Toys › Plug & Play Video Games,1999.0,techking,Plug & Play Video Games
MSI,4.1,34.0,Computers & Accessories › Laptops › Traditional Laptops,83990.0,msi,Traditional Laptops
Sennheiser Professional Audio,4.5,1718.0,"Electronics › Headphones, Earbuds & Accessories › Headphones › On-Ear",10325.0,sennheiser professional audio,Headphones
CUQI,4.2,459.0,Computers & Accessories › Monitors,14070.0,cuqi,
itel,4.5,146.0,Electronics › Mobiles & Accessories › Smartphones & Basic Mobiles › Smartphones,9999.0,itel,Smartphones & Basic Mobiles
MARVIK,3.0,986.0,Electronics › Wearable Technology › Smart Watches,449.0,marvik,Smart Watches
Motorola,3.3,22.0,Electronics › Mobiles & Accessories › Smartphones & Basic Mobiles › Smartphones,9180.0,motorola,Smartphones & Basic Mobiles
boAt,4.5,2.0,Electronics › Home Audio › Speakers › Bluetooth Speakers,7499.0,boat,Speakers
TOSHIBA,4.1,2787.0,"Electronics › Home Theater, TV & Video › Televisions › Smart Televisions",16990.0,toshiba,Televisions
PSS,5.0,4.0,Video Games › Gaming Headsets,2890.0,pss,
Honeywell,4.5,2120.0,"Electronics › Home Theater, TV & Video › Accessories › Cables › HDMI Cables",16599.0,honeywell,Accessories
JBL,4.2,8297.0,Electronics › Home Audio › Speakers › Bluetooth Speakers,13515.0,jbl,Speakers
Aroma,3.8,157.0,Electronics › Home Audio › Speakers › Bluetooth Speakers,488.0,aroma,Speakers
pTron,3.0,21.0,Electronics › Home Audio › Speakers › Bluetooth Speakers,817.0,ptron,Speakers
OnePlus,4.1,42410.0,"Electronics › Home Theater, TV & Video › Televisions › Smart Televisions",21990.0,oneplus,Televisions
TOZO,3.8,207371.0,"Electronics › Headphones, Earbuds & Accessories › Headphones › In-Ear",1959.0,tozo,Headphones
Sony,4.5,11103.0,"Electronics › Headphones, Earbuds & Accessories › Headphones › Over-Ear",26990.0,sony,Headphones
JBL,4.3,15513.0,Electronics › Home Audio › Speakers › Bluetooth Speakers,9999.0,jbl,Speakers
PSS,2.9,2.0,Toys & Games › Prime Day › Games and puzzles: 25%-50% off,4990.0,pss,Games and puzzles: 25%-50% off
Dyanora,3.6,134.0,"Electronics › Home Theater, TV & Video › Televisions › Smart Televisions",8299.0,dyanora,Televisions
IKALL,3.0,4.0,Electronics › Mobiles & Accessories › Smartphones & Basic Mobiles › Smartphones,6798.0,ikall,Smartphones & Basic Mobiles
CredevZone,3.5,154.0,Toys & Games › Electronic Toys › Handheld Games,13642.0,credevzone,Handheld Games
Dell,3.6,61.0,Computers & Accessories › Laptops › Traditional Laptops,57490.0,dell,Traditional Laptops
Microsoft,3.0,4.0,Computers & Accessories › Laptops › Traditional Laptops,95999.0,microsoft,Traditional Laptops
Amera,3.2,10.0,Electronics › Wearable Technology › Smart Watches,728.0,amera,Smart Watches
JBL,3.7,32925.0,"Electronics › Headphones, Earbuds & Accessories › Headphones › In-Ear",3999.0,jbl,Headphones
PowerA,4.6,1095.0,Video Games › Legacy Systems › Nintendo Systems › Nintendo 3DS › Accessories,1399.0,powera,Nintendo Systems
NIXBY TOYS,1.4,3.0,Video Games › Legacy Systems › PlayStation Systems › PSP › Consoles,5499.0,nixby toys,PlayStation Systems
AVITA,1.8,6.0,Computers & Accessories › Laptops › Traditional Laptops,21490.0,avita,Traditional Laptops
LIVETONE,5.0,3.0,Electronics › Home Audio › Speakers › Tower Speakers,7399.0,livetone,Speakers
HP,4.2,275.0,Computers & Accessories › Laptops › Traditional Laptops,71990.0,hp,Traditional Laptops
Sony,4.2,8903.0,"Electronics › Headphones, Earbuds & Accessories › Headphones › On-Ear",2099.0,sony,Headphones
MI,4.2,67782.0,"Electronics › Home Theater, TV & Video › Televisions › Smart Televisions",42999.0,mi,Televisions
Acer,4.2,315.0,Computers & Accessories › Laptops › Traditional Laptops,71990.0,acer,Traditional Laptops
amazon basics,5.0,1.0,"Electronics › Home Theater, TV & Video › Accessories › Cables › HDMI Cables",399.0,amazon basics,Accessories
RFV1,4.5,6.0,Toys & Games › Electronic Toys › Plug & Play Video Games,2525.0,rfv1,Plug & Play Video Games
Cultsport,4.3,663.0,Electronics › Wearable Technology › Smart Watches,3499.0,cultsport,Smart Watches
MICROMINI,3.2,5.0,Video Games › Online Game Services,6980.0,micromini,
BoAt,4.0,30716.0,"Electronics › Headphones, Earbuds & Accessories › Headphones › In-Ear",349.0,boat,Headphones
GSH,3.1,4.0,Computers & Accessories › Accessories & Peripherals › PC Gaming Peripherals › Gamepads,5499.0,gsh,PC Gaming Peripherals
SteelSeries,4.1,3287.0,Computers & Accessories › Accessories & Peripherals › PC Gaming Peripherals › Headsets,30129.0,steelseries,PC Gaming Peripherals
ZEBRONICS,4.1,2969.0,Electronics › Home Audio › Speakers › Bluetooth Speakers,3999.0,zebronics,Speakers
AOKZOE,1.0,1.0,Video Games › Nintendo Switch › Consoles,98999.0,aokzoe,Consoles
Lapras,5.0,2.0,Toys & Games › Electronic Toys › Handheld Games,915.0,lapras,Handheld Games
Lenovo,4.6,15.0,Computers & Accessories › Laptops › Traditional Laptops,17499.0,lenovo,Traditional Laptops
Sameo,3.1,4.0,Video Games › Legacy Systems › PlayStation Systems › PlayStation 2 › Games,1799.0,sameo,PlayStation Systems
Bang & Olufsen,4.4,52.0,Electronics › Home Audio › Speakers › Bluetooth Speakers,42299.0,bang & olufsen,Speakers
ZEBRONICS,2.6,4.0,Electronics › Home Audio › Speakers › Bluetooth Speakers,799.0,zebronics,Speakers
cubonic,5.0,1.0,Electronics › Wearable Technology › Smart Watches,5999.0,cubonic,Smart Watches
IKALL,2.4,6.0,Electronics › Mobiles & Accessories › Smartphones & Basic Mobiles › Smartphones,6798.0,ikall,Smartphones & Basic Mobiles
ZEBRONICS,4.0,259.0,Electronics › Home Audio › Speakers › Bluetooth Speakers,3299.0,zebronics,Speakers
CULTSPORT,4.5,96.0,Electronics › Wearable Technology › Smart Watches,1799.0,cultsport,Smart Watches
EvoFox,3.9,355.0,Computers & Accessories › Accessories & Peripherals › PC Gaming Peripherals › Gamepads,2633.0,evofox,PC Gaming Peripherals
Sony,4.8,119.0,"Electronics › Home Theater, TV & Video › Televisions › Smart Televisions",66490.0,sony,Televisions
Itel,3.7,358.0,Electronics › Mobiles & Accessories › Smartphones & Basic Mobiles › Smartphones,5999.0,itel,Smartphones & Basic Mobiles
Sennheiser,3.8,4971.0,"Electronics › Headphones, Earbuds & Accessories › Headphones › Over-Ear",11990.0,sennheiser,Headphones
Sony,4.3,3388.0,"Electronics › Headphones, Earbuds & Accessories › Headphones › Over-Ear",9527.0,sony,Headphones
HP,3.0,9.0,Computers & Accessories › Laptops › Traditional Laptops,28990.0,hp,Traditional Laptops
Samsung,4.2,11926.0,"Electronics › Home Theater, TV & Video › Televisions › Smart Televisions",13990.0,samsung,Televisions
Lenovo,4.4,9.0,Computers & Accessories › Laptops › Traditional Laptops,64190.0,lenovo,Traditional Laptops
Tecno,4.7,86.0,Electronics › Mobiles & Accessories › Smartphones & Basic Mobiles › Smartphones,54999.0,tecno,Smartphones & Basic Mobiles
OnePlus,4.3,4255.0,Electronics › Mobiles & Accessories › Smartphones & Basic Mobiles › Smartphones,56999.0,oneplus,Smartphones & Basic Mobiles
GoWarranty,3.0,4.0,Electronics › Warranties,5100.0,gowarranty,
iClever,4.3,6689.0,"Electronics › Headphones, Earbuds & Accessories › Headphones › Over-Ear",2519.0,iclever,Headphones
boAt,3.9,193.0,Electronics › Home Audio › Speakers › Bluetooth Speakers,1999.0,boat,Speakers
INSTAPLAY,4.3,68.0,Electronics › Home Audio › Speakers › Multimedia Speaker Systems,279.0,instaplay,Speakers
Philips Audio,3.2,19.0,Electronics › Home Audio › Speakers › Multimedia Speaker Systems,7199.0,philips audio,Speakers
JBL,4.4,32018.0,Electronics › Home Audio › Speakers › Bluetooth Speakers,9998.0,jbl,Speakers
Vibez,4.0,786.0,Electronics › Wearable Technology › Smart Watches,2499.0,vibez,Smart Watches
FCS,2.6,37.0,"Electronics › Mobiles & Accessories › Mobile Accessories › Maintenance, Upkeep & Repairs › Screen Protectors",149.0,fcs,Mobile Accessories
Oppo,4.2,2279.0,Electronics › Mobiles & Accessories › Smartphones & Basic Mobiles › Smartphones,18999.0,oppo,Smartphones & Basic Mobiles
ARZOPA,4.4,4903.0,Computers & Accessories › Monitors,18100.0,arzopa,
ZEBRONICS,3.4,1483.0,Electronics › Home Audio › Speakers › Bluetooth Speakers,1449.0,zebronics,Speakers
Flashfire,3.6,198.0,Video Games › PC Games › Accessories › Controllers › Steering Wheels,46784.91,flashfire,Accessories
Audio-Technica,4.6,25254.0,Electronics › Electronics › Headphones › Over-Ear Headphones,11599.0,audio-technica,Headphones
Infinity,4.1,33174.0,Electronics › Home Audio › Speakers › Outdoor Speakers,897.0,infinity,Speakers
Xiaomi,4.1,103782.0,"Electronics › Headphones, Earbuds & Accessories › Headphones › In-Ear",499.0,xiaomi,Headphones
Corsair,3.9,219.0,Computers & Accessories › Accessories & Peripherals › PC Gaming Peripherals › Headsets,8199.0,corsair,PC Gaming Peripherals
Aivuidbs,3.7,121.0,Toys & Games › Electronic Toys › Plug & Play Video Games,34083.0,aivuidbs,Plug & Play Video Games
Crownton,3.9,11.0,"Electronics › Home Theater, TV & Video › Televisions › Smart Televisions",8399.0,crownton,Televisions
Muzen,3.6,24.0,Electronics › Home Audio › Speakers › Bluetooth Speakers,7999.0,muzen,Speakers
SHOKZ,4.5,686.0,"Electronics › Headphones, Earbuds & Accessories › Headphones › Open-Ear Headphones",17999.0,shokz,Headphones
amazon basics,4.5,124.0,"Electronics › Headphones, Earbuds & Accessories › Headphones › In-Ear",899.0,amazon basics,Headphones
Audio-Technica,4.4,837.0,"Electronics › Headphones, Earbuds & Accessories › Headphones › Over-Ear",7790.0,audio-technica,Headphones
Sony,4.3,1764.0,Computers & Accessories › Accessories & Peripherals › PC Gaming Peripherals › Headsets,5990.0,sony,PC Gaming Peripherals
Bang & Olufsen,4.5,1503.0,Electronics › Home Audio › Speakers › Multimedia Speaker Systems,20000.0,bang & olufsen,Speakers
OnePlus,4.1,42410.0,"Electronics › Home Theater, TV & Video › Televisions › Smart Televisions",12999.0,oneplus,Televisions
Samsung,4.1,1584.0,"Electronics › Home Theater, TV & Video › Televisions › Smart Televisions",64990.0,samsung,Televisions
BoAt,4.1,91789.0,"Electronics › Headphones, Earbuds & Accessories › Headphones › In-Ear",399.0,boat,Headphones
BROTHER ZONE,3.0,4.0,Electronics › Wearable Technology › Smart Watches,7999.0,brother zone,Smart Watches
Sony,2.8,4.0,Electronics › Home Audio › Speakers › Multimedia Speaker Systems,12739.8,sony,Speakers
Samsung,3.1,5.0,Electronics › Mobiles & Accessories › Smartphones & Basic Mobiles › Smartphones,25399.0,samsung,Smartphones & Basic Mobiles
Nintendo,4.6,158.0,Video Games › Online Game Services,29399.0,nintendo,
TIMEX,3.5,438.0,Fashion › Onam 2021 › Watches and fashion jewellery › Watches top brands,5995.0,timex,Watches and fashion jewellery
Lenovo,4.1,169.0,Computers & Accessories › Laptops › Traditional Laptops,37990.0,lenovo,Traditional Laptops
Samsung,3.6,71.0,Computers & Accessories › Laptops › Traditional Laptops,120115.0,samsung,Traditional Laptops
iTronix,4.0,1389.0,Electronics › Wearable Technology › Smart Watches,149.0,itronix,Smart Watches
iQOO,4.3,2072.0,Electronics › Mobiles & Accessories › Smartphones & Basic Mobiles › Smartphones,24999.0,iqoo,Smartphones & Basic Mobiles
NextTech,3.4,13.0,Toys & Games › Electronic Toys › Handheld Games,1499.0,nexttech,Handheld Games
JBL,4.1,3447.0,"Electronics › Headphones, Earbuds & Accessories › Headphones › On-Ear",5999.0,jbl,Headphones
Marshall,4.4,932.0,Electronics › Home Audio › Speakers › Outdoor Speakers,18998.0,marshall,Speakers
I GEAR,4.6,15.0,Electronics › Home Audio › Speakers › Bluetooth Speakers,8999.0,i gear,Speakers
FIFINE,4.5,274.0,Musical Instruments › Microphones › Dynamic,5650.0,fifine,Dynamic
MENEEA,4.5,92.0,Video Games › Xbox Series X & S › Accessories › Batteries & Chargers,18477.0,meneea,Accessories
Dell,3.5,27.0,Computers & Accessories › Laptops › Traditional Laptops,15599.0,dell,Traditional Laptops
pTron,3.8,394.0,Electronics › Home Audio › Speakers › Soundbar Speakers,898.0,ptron,Speakers
Marshall,4.5,76.0,Electronics › Home Audio › Speakers › Outdoor Speakers,34998.0,marshall,Speakers
Tecno,3.7,292.0,Electronics › Mobiles & Accessories › Smartphones & Basic Mobiles › Smartphones,9999.0,tecno,Smartphones & Basic Mobiles
Philips Audio,3.9,36555.0,"Electronics › Headphones, Earbuds & Accessories › Headphones › In-Ear",379.0,philips audio,Headphones
iQOO,4.2,5139.0,Electronics › Mobiles & Accessories › Smartphones & Basic Mobiles › Smartphones,31999.0,iqoo,Smartphones & Basic Mobiles
DKD,3.4,3.0,Video Games › Legacy Systems,7890.0,dkd,
LG,4.4,2919.0,Home & Kitchen › Large Appliances › Microwave Ovens › Combination Convection & Microwave,12190.0,lg,Microwave Ovens
ASUS,3.7,64.0,Computers & Accessories › Laptops › Traditional Laptops,64990.0,asus,Traditional Laptops
Fastrack,4.0,1742.0,Fashion › Watches › Smartwatches & Activity tracker › Amoled,2499.0,fastrack,Smartwatches & Activity tracker
ASUS,3.7,9.0,Computers & Accessories › Laptops › Traditional Laptops,109990.0,asus,Traditional Laptops
iTronix,4.0,1018.0,Electronics › Wearable Technology › Smart Watches,149.0,itronix,Smart Watches
iClever,4.4,7063.0,"Electronics › Headphones, Earbuds & Accessories › Headphones › Over-Ear",3899.0,iclever,Headphones
ZEBRONICS,3.8,4510.0,Electronics › Home Audio › Speakers › Soundbar Speakers,699.0,zebronics,Speakers
Amazon basics,3.8,3265.0,Electronics › Home Audio › Speakers › Soundbar Speakers,899.0,amazon basics,Speakers
TCL,4.0,863.0,"Electronics › Home Theater, TV & Video › Televisions › Smart Televisions",28990.0,tcl,Televisions
Oppo,3.9,837.0,Electronics › Mobiles & Accessories › Smartphones & Basic Mobiles › Smartphones,24999.0,oppo,Smartphones & Basic Mobiles
pTron,3.8,394.0,Electronics › Home Audio › Speakers › Soundbar Speakers,799.0,ptron,Speakers
Samsung,4.0,780.0,Electronics › Mobiles & Accessories › Smartphones & Basic Mobiles › Smartphones,27999.0,samsung,Smartphones & Basic Mobiles
Edifier,4.5,395.0,Electronics › Home Audio › Speakers › Multimedia Speaker Systems,15762.0,edifier,Speakers
Sony,4.0,48876.0,"Electronics › Headphones, Earbuds & Accessories › Headphones › In-Ear",2990.0,sony,Headphones
JBL,4.3,61790.0,Electronics › Home Audio › Speakers › Bluetooth Speakers,1598.0,jbl,Speakers
pTron,3.5,29.0,Electronics › Home Audio › Speakers › Bluetooth Speakers,398.0,ptron,Speakers
AGPTEK,4.2,37256.0,Electronics › Wearable Technology › Smart Watches,8388.0,agptek,Smart Watches
JBL,3.8,1364.0,"Electronics › Headphones, Earbuds & Accessories › Headphones › In-Ear",3499.0,jbl,Headphones
ASUS,4.0,523.0,Computers & Accessories › Laptops › Traditional Laptops,40990.0,asus,Traditional Laptops
JBL,3.8,46326.0,"Electronics › Headphones, Earbuds & Accessories › Headphones › Over-Ear",3999.0,jbl,Headphones
EvoFox,3.7,175.0,Computers & Accessories › Accessories & Peripherals › PC Gaming Peripherals › Gamepads,1896.0,evofox,PC Gaming Peripherals
HP,2.9,38.0,Computers & Accessories › Laptops › Traditional Laptops,17298.0,hp,Traditional Laptops
Devialet,4.2,32.0,Electronics › Home Audio › Speakers › Bluetooth Speakers,175000.0,devialet,Speakers
Sonodyne,4.5,32.0,Electronics › Home Audio › Speakers › Bluetooth Speakers,14999.0,sonodyne,Speakers
Tropicool,3.5,768.0,Home & Kitchen › Home & kitchen | Prime shopping days › Affinity ASINs | 263 › 1,4949.0,tropicool,Affinity ASINs | 263
Beats,4.6,12868.0,Electronics › Apple › Beats › Beats Headphones,19900.0,beats,Beats
KODAK,4.1,12208.0,"Electronics › Home Theater, TV & Video › Televisions › Smart Televisions",9000.0,kodak,Televisions
BUYFLUX,5.0,1.0,"Electronics › Home Theater, TV & Video › Accessories › Cables › HDMI Cables",399.0,buyflux,Accessories
CredevZone,4.4,272.0,Toys & Games › Electronic Toys › Plug & Play Video Games,13239.0,credevzone,Plug & Play Video Games
Marshall,4.1,238.0,Electronics › Home Audio › Speakers › Bluetooth Speakers,17998.0,marshall,Speakers
pTron,3.6,32.0,Electronics › Home Audio › Speakers › Bluetooth Speakers,898.0,ptron,Speakers
Meyaar,4.1,45.0,"Electronics › Headphones, Earbuds & Accessories › Cases",399.0,meyaar,Cases
Jabra,4.4,641.0,Electronics › Telephones & Accessories › Accessories › Headsets,14500.0,jabra,Accessories
PTron,4.2,16.0,Electronics › Home Audio › Speakers › Bluetooth Speakers,599.0,ptron,Speakers
Sounce,3.9,8019.0,Electronics › Wearable Technology › Smart Watches & Accessories › Cables,149.0,sounce,Smart Watches & Accessories
LOVEJOY,5.0,4.0,Electronics › Wearable Technology › Smart Watches,449.0,lovejoy,Smart Watches
Bang & Olufsen,4.4,3029.0,Electronics › Home Audio › Speakers › Bluetooth Speakers,22500.0,bang & olufsen,Speakers
PLATEFORCE,3.7,1286.0,Electronics › Wearable Technology › Smart Watches,449.0,plateforce,Smart Watches
AYL,3.5,784.0,Electronics › Wearable Technology › Smart Watches,449.0,ayl,Smart Watches
Sennheiser,3.9,3339.0,"Electronics › Headphones, Earbuds & Accessories › Headphones › Over-Ear",9990.0,sennheiser,Headphones
ZEBRONICS,3.8,778.0,Electronics › Home Audio › Speakers › Bluetooth Speakers,699.0,zebronics,Speakers
Titan,3.9,643.0,Electronics › Wearable Technology › Smart Watches,9995.0,titan,Smart Watches
HP,3.9,20.0,Computers & Accessories › Laptops › Traditional Laptops,20000.0,hp,Traditional Laptops
PTron,3.5,29.0,Electronics › Home Audio › Speakers › Bluetooth Speakers,398.0,ptron,Speakers
OnePlus,4.0,3405.0,Electronics › Mobiles & Accessories › Smartphones & Basic Mobiles › Smartphones,28999.0,oneplus,Smartphones & Basic Mobiles
Lenovo,4.1,40.0,Computers & Accessories › Laptops › Traditional Laptops,68990.0,lenovo,Traditional Laptops
Zealot,4.3,945.0,Electronics › Home Audio › Speakers › Bluetooth Speakers,6816.0,zealot,Speakers
HP,4.4,1950.0,Computers & Accessories › Laptops › Traditional Laptops,63999.0,hp,Traditional Laptops
Dell,3.9,101.0,Computers & Accessories › Laptops › Traditional Laptops,52716.0,dell,Traditional Laptops
Samsung,4.4,1184.0,Home & Kitchen › Large Appliances › Refrigerators,17990.0,samsung,Refrigerators
Samsung,4.1,28289.0,Electronics › Mobiles & Accessories › Smartphones & Basic Mobiles › Smartphones,9499.0,samsung,Smartphones & Basic Mobiles
Sonos,4.4,9.0,Electronics › Home Audio › Speakers › Multimedia Speaker Systems,32998.25,sonos,Speakers
Amazon basics,4.0,12.0,Electronics › Home Audio › Speakers › Soundbar Speakers,699.0,amazon basics,Speakers
Itel,3.7,1144.0,Electronics › Mobiles & Accessories › Smartphones & Basic Mobiles › Smartphones,8699.0,itel,Smartphones & Basic Mobiles
amazon basics,4.2,1386.0,"Electronics › Headphones, Earbuds & Accessories › Headphones › In-Ear",399.0,amazon basics,Headphones
Sennheiser,4.1,930.0,"Electronics › Headphones, Earbuds & Accessories › Headphones › In-Ear",16988.0,sennheiser,Headphones
Lenovo,4.3,18.0,Computers & Accessories › Laptops › Traditional Laptops,18196.0,lenovo,Traditional Laptops
JBL,4.4,32018.0,Electronics › Home Audio › Speakers › Bluetooth Speakers,7299.0,jbl,Speakers
BoAt,4.3,42639.0,Electronics › Home Audio › Speakers › Bluetooth Speakers,2699.0,boat,Speakers
Honeywell,4.0,540.0,Electronics › Home Audio › Speakers › Soundbar Speakers,8999.0,honeywell,Speakers
amazon basics,4.5,124.0,"Electronics › Headphones, Earbuds & Accessories › Headphones › In-Ear",1099.0,amazon basics,Headphones
HYUNDAI,4.1,41.0,"Electronics › Home Theater, TV & Video › Televisions › Smart Televisions",9999.0,hyundai,Televisions
Bang & Olufsen,4.4,52.0,Electronics › Home Audio › Speakers › Bluetooth Speakers,42750.0,bang & olufsen,Speakers
ZEBRONICS,3.8,13173.0,Electronics › Home Audio › Speakers › Bluetooth Speakers,699.0,zebronics,Speakers
LG,4.2,3257.0,Home & Kitchen › Large Appliances › Refrigerators,28990.0,lg,Refrigerators
Marshall,4.6,9912.0,Electronics › Home Audio › Speakers › Bluetooth Speakers,14950.0,marshall,Speakers
boAt,3.9,4177.0,Electronics › Wearable Technology › Smart Watches,1499.0,boat,Smart Watches
Sony,3.8,498.0,Electronics › Home Audio › Speakers › Bluetooth Speakers,13990.0,sony,Speakers
SHOKZ,4.5,2637.0,"Electronics › Headphones, Earbuds & Accessories › Headphones › In-Ear",17999.0,shokz,Headphones
Lenovo,4.4,257.0,Computers & Accessories › Monitors,12599.0,lenovo,
New World,2.9,2.0,Video Games › Legacy Systems › Nintendo Systems › Nintendo 3DS › Consoles,6499.0,new world,Nintendo Systems
Whirlpool,4.1,3454.0,Home & Kitchen › Large Appliances › Refrigerators,19190.0,whirlpool,Refrigerators
Lenovo,3.8,80.0,Computers & Accessories › Laptops › Traditional Laptops,16199.0,lenovo,Traditional Laptops
Kelvinator,4.0,57.0,Home & Kitchen › Large Appliances › Refrigerators,9290.0,kelvinator,Refrigerators
Microsoft,4.6,3.0,Computers & Accessories › Laptops › Traditional Laptops,182990.0,microsoft,Traditional Laptops
CLAW,3.5,2523.0,Computers & Accessories › Accessories & Peripherals › PC Gaming Peripherals › Gamepads,1990.0,claw,PC Gaming Peripherals
Dell,4.0,1.0,Computers & Accessories › Laptops › Traditional Laptops,57900.0,dell,Traditional Laptops
Voacle,4.4,205.0,Toys & Games › Electronic Toys › Plug & Play Video Games,8499.0,voacle,Plug & Play Video Games
Samsung,4.2,34775.0,"Electronics › Headphones, Earbuds & Accessories › Headphones › In-Ear",449.0,samsung,Headphones
TAGG,4.1,431.0,Electronics › Home Audio › Speakers › Bluetooth Speakers,1499.0,tagg,Speakers
Portronics,4.0,6274.0,Electronics › Home Audio › Speakers › Bluetooth Speakers,899.0,portronics,Speakers
Samsung,3.9,146.0,"Electronics › Home Theater, TV & Video › Televisions › Smart Televisions",18900.0,samsung,Televisions
pTron,3.8,68563.0,"Electronics › Headphones, Earbuds & Accessories › Headphones › In-Ear",599.0,ptron,Headphones
Skullcandy,4.0,7651.0,"Electronics › Headphones, Earbuds & Accessories › Headphones › Over-Ear",9999.0,skullcandy,Headphones
Muzen,4.1,59.0,Electronics › Home Audio › Speakers › Bluetooth Speakers,6499.0,muzen,Speakers
Philips Audio,4.0,23033.0,Electronics › Home Audio › Speakers › Multimedia Speaker Systems,7140.0,philips audio,Speakers
Turet,4.0,33.0,Electronics › Wearable Technology › Smart Watches,7161.0,turet,Smart Watches
TOSHIBA,3.9,99.0,"Electronics › Home Theater, TV & Video › Televisions › Smart Televisions",54990.0,toshiba,Televisions
ASUS,3.4,12.0,Computers & Accessories › Laptops › Traditional Laptops,84990.0,asus,Traditional Laptops
LEGO,4.7,356.0,Video Games › Legacy Systems › Nintendo Systems,43999.0,lego,Nintendo Systems
Jabra,4.4,3614.0,"Electronics › Headphones, Earbuds & Accessories › Headphones › On-Ear",14128.0,jabra,Headphones
STEAM DECK,4.7,454.0,Toys & Games › Games › Tabletop Games › Board Games,57990.0,steam deck,Tabletop Games
Nothing,3.8,22.0,Electronics › Mobiles & Accessories › Smartphones & Basic Mobiles › Smartphones,49000.0,nothing,Smartphones & Basic Mobiles
boAt,4.6,20.0,Electronics › Home Audio › Speakers › Bluetooth Speakers,8999.0,boat,Speakers
10WeRun,3.7,1750.0,Electronics › Wearable Technology › Smart Watches,399.0,10werun,Smart Watches
Dell,3.6,475.0,Computers & Accessories › Laptops › Traditional Laptops,47990.0,dell,Traditional Laptops
MIFA,4.5,2850.0,Electronics › Home Audio › Speakers › Bluetooth Speakers,6899.0,mifa,Speakers
Amazon basics,3.8,3265.0,Electronics › Home Audio › Speakers › Soundbar Speakers,899.0,amazon basics,Speakers
Marshall,4.5,254.0,Electronics › Home Audio › Speakers › Multimedia Speaker Systems,31999.0,marshall,Speakers
Dell,3.6,475.0,Computers & Accessories › Laptops › Traditional Laptops,51990.0,dell,Traditional Laptops
Generic,4.0,10.0,Video Games › Video Games NCEMI,3999.0,generic,
GSH,4.0,165.0,Toys & Games › Electronic Toys › Plug & Play Video Games,7396.0,gsh,Plug & Play Video Games
Philips Audio,3.8,1040.0,"Electronics › Headphones, Earbuds & Accessories › Headphones › In-Ear",229.0,philips audio,Headphones
Marshall,4.7,1311.0,Electronics › Home Audio › Speakers › Bluetooth Speakers,9998.0,marshall,Speakers
realme,4.0,2620.0,Electronics › Mobiles & Accessories › Smartphones & Basic Mobiles › Smartphones,18499.0,realme,Smartphones & Basic Mobiles
Marshall,4.3,64.0,Electronics › Home Audio › Speakers › Outdoor Speakers,59998.0,marshall,Speakers
Marshall,4.3,8129.0,"Electronics › Headphones, Earbuds & Accessories › Headphones › On-Ear",12999.0,marshall,Headphones
Logitech G,4.6,228.0,Computers & Accessories › Accessories & Peripherals › PC Gaming Peripherals › Gaming Mice,15495.0,logitech g,PC Gaming Peripherals
JBL,3.9,104014.0,"Electronics › Headphones, Earbuds & Accessories › Headphones › In-Ear",449.0,jbl,Headphones
LG,4.0,11.0,"Electronics › Home Theater, TV & Video › Televisions › Smart Televisions",17171.0,lg,Televisions
Anker,4.5,4316.0,Electronics › Home Audio › Speakers › Bluetooth Speakers,9999.0,anker,Speakers
Dell,4.3,10.0,Computers & Accessories › Laptops › 2 in 1 Laptops,79490.0,dell,2 in 1 Laptops
OnePlus,4.1,134154.0,"Electronics › Headphones, Earbuds & Accessories › Headphones › In-Ear",1999.0,oneplus,Headphones
LG,3.8,5.0,Home & Kitchen › Large Appliances › Refrigerators,1399.0,lg,Refrigerators
Whirlpool,4.0,2662.0,Home & Kitchen › Large Appliances › Refrigerators,25400.0,whirlpool,Refrigerators
amazon basics,3.9,1077.0,Electronics › Home Audio › Speakers › Bluetooth Speakers,799.0,amazon basics,Speakers
Yamaha,4.1,37.0,Electronics › Home Audio › Speakers › Subwoofers,28070.0,yamaha,Speakers
Dell,4.1,4.0,Computers & Accessories › Laptops › 2 in 1 Laptops,73990.0,dell,2 in 1 Laptops
Acer,4.2,2875.0,"Electronics › Home Theater, TV & Video › Televisions › Smart Televisions",30999.0,acer,Televisions
MSI,3.2,15.0,Computers & Accessories › Laptops › Traditional Laptops,569990.0,msi,Traditional Laptops
Redmi,4.2,56352.0,"Electronics › Home Theater, TV & Video › Televisions › Smart Televisions",31499.0,redmi,Televisions
HP,4.1,2149.0,Computers & Accessories › Laptops › Traditional Laptops,50990.0,hp,Traditional Laptops
Amazfit,4.0,2803.0,Electronics › Wearable Technology › Smart Watches,7999.0,amazfit,Smart Watches
LG,4.2,1128.0,Home & Kitchen › Large Appliances › Refrigerators,23490.0,lg,Refrigerators
Lapras,4.6,4.0,Computers & Accessories › Accessories & Peripherals › PC Gaming Peripherals › Joysticks,919.0,lapras,PC Gaming Peripherals
Portronics,3.7,260.0,Electronics › Home Audio › Speakers › Bluetooth Speakers,849.0,portronics,Speakers
soundcore,4.1,62881.0,"Electronics › Headphones, Earbuds & Accessories › Headphones › Over-Ear",4499.0,soundcore,Headphones
Omeron,3.6,5.0,Toys & Games › Electronic Toys › Plug & Play Video Games,3299.0,omeron,Plug & Play Video Games
OnePlus,4.1,11823.0,"Electronics › Home Theater, TV & Video › Televisions › Smart Televisions",24999.0,oneplus,Televisions
YAMAHA,4.2,175.0,"Electronics › Headphones, Earbuds & Accessories › Headphones › Over-Ear",16670.0,yamaha,Headphones
OnePlus,4.1,147667.0,"Electronics › Headphones, Earbuds & Accessories › Headphones › In-Ear",2299.0,oneplus,Headphones
Vivo,3.9,111.0,Electronics › Mobiles & Accessories › Smartphones & Basic Mobiles › Smartphones,8999.0,vivo,Smartphones & Basic Mobiles
DREAMHAX,4.4,90.0,Toys & Games › Electronic Toys › Plug & Play Video Games,13597.0,dreamhax,Plug & Play Video Games
PTron,5.0,2.0,Electronics › Home Audio › Speakers › Bluetooth Speakers,598.0,ptron,Speakers
Dell,3.7,131.0,Computers & Accessories › Laptops › Traditional Laptops,48990.0,dell,Traditional Laptops
IFB,4.3,5573.0,Home & Kitchen › Large Appliances › Microwave Ovens,14490.0,ifb,Microwave Ovens
Meyaar,4.2,1288.0,"Electronics › Headphones, Earbuds & Accessories › Cases",470.0,meyaar,Cases
Amazon basics,3.9,1077.0,Electronics › Home Audio › Speakers › Bluetooth Speakers,799.0,amazon basics,Speakers
CouchConsole,4.2,235.0,Car & Motorbike › Car Accessories › Interior Accessories › Consoles & Organizers › Cup Holders,14521.0,couchconsole,Interior Accessories
VISE,1.0,1.0,Home & Kitchen › Large Appliances › Refrigerators,8990.0,vise,Refrigerators
Haier,4.2,5046.0,Home & Kitchen › Large Appliances › Refrigerators,14790.0,haier,Refrigerators
FYURI,5.0,2.0,Toys & Games › Electronic Toys › Handheld Games,5499.0,fyuri,Handheld Games
ASUS,4.0,1.0,Computers & Accessories › Laptops › Traditional Laptops,99990.0,asus,Traditional Laptops
BoAt,4.1,171504.0,"Electronics › Headphones, Earbuds & Accessories › Headphones › In-Ear",1099.0,boat,Headphones
VU,4.4,3218.0,"Electronics › Home Theater, TV & Video › Televisions › Smart Televisions",34990.0,vu,Televisions
BUZZ COOL,3.2,22.0,Toys & Games › Electronic Toys › Handheld Games,899.0,buzz cool,Handheld Games
GSH,3.7,828.0,Toys & Games › Electronic Toys › Plug & Play Video Games,3499.0,gsh,Plug & Play Video Games
Dell,4.6,3.0,Computers & Accessories › Laptops › Traditional Laptops,61519.0,dell,Traditional Laptops
HP,4.6,17.0,Computers & Accessories › Laptops › Traditional Laptops,79990.0,hp,Traditional Laptops
GSH,3.6,398.0,Toys & Games › Electronic Toys › Plug & Play Video Games,1399.0,gsh,Plug & Play Video Games
NEXTTECH,2.8,9.0,Toys & Games › Electronic Toys › Handheld Games,999.0,nexttech,Handheld Games
Talabat,3.7,13.0,Toys & Games › Electronic Toys › Handheld Games,899.0,talabat,Handheld Games
Polk Audio,4.7,825.0,Electronics › Home Audio › Speakers › Bookshelf Speakers,20400.0,polk audio,Speakers
V-SKY,5.0,4.0,"Electronics › Home Theater, TV & Video › Televisions › Smart Televisions",7499.0,v-sky,Televisions
Fire-Boltt,4.2,14820.0,Electronics › Wearable Technology › Smart Watches,3999.0,fire-boltt,Smart Watches
beyerdynamic,4.5,2485.0,"Electronics › Headphones, Earbuds & Accessories › Headphones › Over-Ear",11762.0,beyerdynamic,Headphones
ASUS,3.7,79.0,Computers & Accessories › Monitors,179999.0,asus,
Marshall,4.0,1619.0,"Electronics › Headphones, Earbuds & Accessories › Headphones › In-Ear",4499.0,marshall,Headphones
Dell,4.1,453.0,Computers & Accessories › Laptops › Traditional Laptops,74490.0,dell,Traditional Laptops
pTron,3.6,280.0,Electronics › Home Audio › Speakers › Bookshelf Speakers,498.0,ptron,Speakers
Sony,4.8,19007.0,"Electronics › Home Theater, TV & Video › Televisions › Smart Televisions",52990.0,sony,Televisions
Acer,4.3,1018.0,"Electronics › Home Theater, TV & Video › Televisions › Smart Televisions",14999.0,acer,Televisions
ASUS,4.2,1038.0,Computers & Accessories › Laptops › Traditional Laptops,49900.0,asus,Traditional Laptops
VELL - TECH,3.3,2898.0,Electronics › Wearable Technology › Smart Watches,499.0,vell - tech,Smart Watches
ASUS,4.0,97.0,Computers & Accessories › Laptops › Traditional Laptops,94990.0,asus,Traditional Laptops
Sounce,4.2,1823.0,Electronics › Wearable Technology › Smart Watches & Accessories › Replacement Bands,99.0,sounce,Smart Watches & Accessories
Philips Audio,3.9,649.0,"Electronics › Headphones, Earbuds & Accessories › Headphones › On-Ear",1508.0,philips audio,Headphones
ZEBRONICS,3.8,71429.0,Electronics › Home Audio › Speakers › Bluetooth Speakers,399.0,zebronics,Speakers
Victorinox,4.6,182.0,Computers & Accessories › Accessories & Peripherals › Laptop Accessories › Bags & Sleeves › Laptop Backpacks,12560.0,victorinox,Laptop Accessories
Redmi,4.1,294362.0,Electronics › Mobiles & Accessories › Smartphones & Basic Mobiles › Smartphones,8099.0,redmi,Smartphones & Basic Mobiles
Jlab,3.9,214.0,Computers & Accessories › Accessories & Peripherals › PC Gaming Peripherals › Headsets,13736.0,jlab,PC Gaming Peripherals
Blue Star,1.0,1.0,Home & Kitchen › Large Appliances › Refrigerators,8649.0,blue star,Refrigerators
Vivo,3.5,45.0,Electronics › Mobiles & Accessories › Smartphones & Basic Mobiles › Smartphones,23999.0,vivo,Smartphones & Basic Mobiles
ZEBRONICS,3.5,44032.0,"Electronics › Headphones, Earbuds & Accessories › Headphones › In-Ear",149.0,zebronics,Headphones
Tribit,4.4,2580.0,Electronics › Home Audio › Speakers › Bluetooth Speakers,8199.0,tribit,Speakers
Philips Audio,3.9,36555.0,"Electronics › Headphones, Earbuds & Accessories › Headphones › In-Ear",299.0,philips audio,Headphones
OnePlus,4.3,4255.0,Electronics › Mobiles & Accessories › Smartphones & Basic Mobiles › Smartphones,61999.0,oneplus,Smartphones & Basic Mobiles
Dell,3.2,21.0,Computers & Accessories › Laptops › Traditional Laptops,94900.0,dell,Traditional Laptops
Vibez,4.0,786.0,Electronics › Wearable Technology › Smart Watches,999.0,vibez,Smart Watches
MARVIK,3.9,62.0,Electronics › Wearable Technology › Smart Watches,449.0,marvik,Smart Watches
SAMTONIC,3.9,6.0,"Electronics › Home Theater, TV & Video › Televisions › Standard Televisions",5999.0,samtonic,Televisions
Nokia,3.2,88.0,Electronics › Mobiles & Accessories › Smartphones & Basic Mobiles › Smartphones,6799.0,nokia,Smartphones & Basic Mobiles
Logitech,4.2,16055.0,Computers & Accessories › Accessories & Peripherals › Audio & Video Accessories › Webcams & VoIP Equipment,16499.0,logitech,Audio & Video Accessories
DREAMHAX,4.1,187.0,Toys & Games › Electronic Toys › Plug & Play Video Games,10819.09,dreamhax,Plug & Play Video Games
Lenovo,3.4,189.0,Computers & Accessories › Laptops › Traditional Laptops,19999.0,lenovo,Traditional Laptops
Whirlpool,3.0,2.0,Home & Kitchen › Large Appliances › Refrigerators,15490.0,whirlpool,Refrigerators
Sony,4.0,2848.0,"Electronics › Headphones, Earbuds & Accessories › Headphones › In-Ear",16007.0,sony,Headphones
boAt,3.9,4197.0,"Electronics › Headphones, Earbuds & Accessories › Headphones › Over-Ear",3999.0,boat,Headphones
Hisense,4.2,1246.0,"Electronics › Home Theater, TV & Video › Televisions › Smart Televisions",37990.0,hisense,Televisions
Marshall,4.3,64.0,Electronics › Home Audio › Speakers › Multimedia Speaker Systems,59999.0,marshall,Speakers
Nitho,3.7,30.0,Video Games › Nintendo Switch › Accessories › Hand Grips,467.37,nitho,Accessories
Philips Audio,3.8,3179.0,"Electronics › Headphones, Earbuds & Accessories › Headphones › In-Ear",229.0,philips audio,Headphones
LS LAPSTER Quality Assured,3.6,4888.0,Electronics › Wearable Technology › Arm & Wristband Accessories › Cables,149.0,ls lapster quality assured,Arm & Wristband Accessories
Marshall,4.6,48.0,Electronics › Home Audio › Speakers › Bluetooth Speakers,41999.0,marshall,Speakers
Sony,4.1,570.0,Electronics › Home Audio › Speakers › Bluetooth Speakers,14988.0,sony,Speakers
ASUS,4.1,143.0,Computers & Accessories › Laptops › Traditional Laptops,63490.0,asus,Traditional Laptops
Sony,4.8,19007.0,"Electronics › Home Theater, TV & Video › Televisions › Smart Televisions",52990.0,sony,Televisions
ASUS,4.0,98.0,Computers & Accessories › Laptops › Traditional Laptops,48622.0,asus,Traditional Laptops
Promate,4.0,73.0,Electronics › Wearable Technology › Smart Watches,5686.0,promate,Smart Watches
Hitage,5.0,1.0,"Electronics › Headphones, Earbuds & Accessories › Headphones › In-Ear",165.0,hitage,Headphones
Noise,4.1,531.0,Electronics › Wearable Technology › Smart Watches,3499.0,noise,Smart Watches
Whirlpool,4.2,5289.0,Home & Kitchen › Large Appliances › Refrigerators,13990.0,whirlpool,Refrigerators
Raptas,5.0,2.0,Electronics › Mobiles & Accessories › Mobile Accessories › Photo & Video Accessories › Handheld Gimbals & Stabilisers,9095.0,raptas,Mobile Accessories
Titan,3.9,643.0,Electronics › Wearable Technology › Smart Watches,8995.0,titan,Smart Watches
HP,4.1,114.0,Computers & Accessories › Laptops › Traditional Laptops,18500.0,hp,Traditional Laptops
BoAt,4.1,82129.0,"Electronics › Headphones, Earbuds & Accessories › Headphones › In-Ear",399.0,boat,Headphones
Audio-Technica,4.5,22046.0,Electronics › Electronics › Headphones › Over-Ear Headphones,4499.0,audio-technica,Headphones
boAt,3.9,7782.0,Electronics › Home Audio › Speakers › Bluetooth Speakers,1399.0,boat,Speakers
Sonodyne,4.5,32.0,Electronics › Home Audio › Speakers › Bookshelf Speakers,14999.0,sonodyne,Speakers
JBL,4.5,318.0,Electronics › Home Audio › Speakers › Bluetooth Speakers,25999.0,jbl,Speakers
EarFun,4.5,496.0,Electronics › Home Audio › Speakers › Bluetooth Speakers,5699.0,earfun,Speakers
JBL,4.3,692.0,Electronics › Home Audio › Speakers › Bluetooth Speakers,12999.0,jbl,Speakers
Kodak,4.1,12208.0,"Electronics › Home Theater, TV & Video › Televisions › Smart Televisions",15999.0,kodak,Televisions
CredevZone,4.1,38.0,Toys & Games › Electronic Toys › Handheld Games,28047.0,credevzone,Handheld Games
CrossBeats,4.1,603.0,"Electronics › Headphones, Earbuds & Accessories › Headphones › Over-Ear",3498.0,crossbeats,Headphones
G.FIDEL,3.0,2.0,Toys & Games › Electronic Toys › Handheld Games,558.0,g.fidel,Handheld Games
Sameo,2.5,9.0,Video Games › Legacy Systems,2549.0,sameo,
Amazon basics,4.3,87.0,"Electronics › Headphones, Earbuds & Accessories › Headphones › In-Ear",899.0,amazon basics,Headphones
IFB,4.3,5040.0,Home & Kitchen › Large Appliances › Microwave Ovens › Combination Convection & Microwave,10790.0,ifb,Microwave Ovens
GAMENOPHOBIA,3.3,68.0,Computers & Accessories › Accessories & Peripherals › PC Gaming Peripherals › Gamepads,889.0,gamenophobia,PC Gaming Peripherals
HP,2.5,26.0,Computers & Accessories › Laptops › Traditional Laptops,18196.0,hp,Traditional Laptops
iClever,4.4,7063.0,"Electronics › Headphones, Earbuds & Accessories › Headphones › Over-Ear",2899.0,iclever,Headphones
MX,3.7,25.0,Electronics › Home Audio › Speakers › Multimedia Speaker Systems,9900.0,mx,Speakers
Portronics,4.2,1305.0,Electronics › Home Audio › Speakers › Bluetooth Speakers,1899.0,portronics,Speakers
Sennheiser,4.0,3340.0,"Electronics › Headphones, Earbuds & Accessories › Headphones › In-Ear",12990.0,sennheiser,Headphones
HP,4.0,1.0,Computers & Accessories › Laptops › Traditional Laptops,88990.0,hp,Traditional Laptops
Portronics,3.7,392.0,Electronics › Home Audio › Speakers › Outdoor Speakers,5599.0,portronics,Speakers
Mivi,4.1,21334.0,Electronics › Home Audio › Speakers › Outdoor Speakers,599.0,mivi,Speakers
boAt,4.0,32257.0,"Electronics › Headphones, Earbuds & Accessories › Headphones › In-Ear",399.0,boat,Headphones
Amazon basics,3.5,94.0,Electronics › Home Audio › Speakers › Bluetooth Speakers,1699.0,amazon basics,Speakers
Marshall,4.6,1006.0,Electronics › Home Audio › Speakers › Bluetooth Speakers,17498.0,marshall,Speakers
Vivo,4.3,10.0,Electronics › Mobiles & Accessories › Smartphones & Basic Mobiles › Smartphones,21999.0,vivo,Smartphones & Basic Mobiles
BoAt,4.2,16614.0,Electronics › Home Audio › Speakers › Bluetooth Speakers,3499.0,boat,Speakers
HP,3.6,319.0,"Electronics › Headphones, Earbuds & Accessories › Headphones › Over-Ear",2004.0,hp,Headphones
video game,3.2,3.0,Video Games › HandHeld Gaming,536.0,video game,
Tecno,4.1,332.0,Electronics › Mobiles & Accessories › Smartphones & Basic Mobiles › Smartphones,78499.0,tecno,Smartphones & Basic Mobiles
pTron,3.4,854.0,Electronics › Wearable Technology › Smart Watches,999.0,ptron,Smart Watches
Bang & Olufsen,4.5,1503.0,Electronics › Home Audio › Speakers › Multimedia Speaker Systems,20000.0,bang & olufsen,Speakers
boAt,4.2,16614.0,Electronics › Home Audio › Speakers › Bluetooth Speakers,3499.0,boat,Speakers
PlayStation,4.4,165.0,Video Games › PlayStation 5,31305.0,playstation,
Generic,2.6,547.0,Electronics › Wearable Technology › Smart Watches,270.0,generic,Smart Watches
Noise,4.1,50396.0,Electronics › Wearable Technology › Smart Watches,1399.0,noise,Smart Watches
Fire-Boltt,4.3,7703.0,Electronics › Wearable Technology › Smart Watches,2499.0,fire-boltt,Smart Watches
MICROMINI,4.6,3.0,Video Games › Online Game Services,6899.0,micromini,
Bosch,4.7,1918.0,Home & Kitchen › Large Appliances › Refrigerators,5240.0,bosch,Refrigerators
WD_Black,4.6,54.0,Computers & Accessories › External Devices & Data Storage › External Hard Disks,19261.0,wd_black,External Hard Disks
Fire-Boltt,4.2,127204.0,Fashion › Onam 2021 › Watches and fashion jewellery › Watches top brands,1349.0,fire-boltt,Watches and fashion jewellery
Sony,3.9,22542.0,"Electronics › Headphones, Earbuds & Accessories › Headphones › In-Ear",12199.0,sony,Headphones
Skullcandy,4.3,16024.0,"Electronics › Headphones, Earbuds & Accessories › Headphones › Over-Ear",15499.0,skullcandy,Headphones
Halonix,3.9,412.0,Electronics › Home Audio › Speakers › Bluetooth Speakers,875.0,halonix,Speakers
VIMZEE PREMIUM,1.0,1.0,Video Games › Legacy Systems,1799.0,vimzee premium,
Sony,4.2,784.0,Electronics › Home Audio › Speakers › Bluetooth Speakers,24990.0,sony,Speakers
realme,4.0,1163.0,Electronics › Mobiles & Accessories › Smartphones & Basic Mobiles › Smartphones,23999.0,realme,Smartphones & Basic Mobiles
Sennheiser,3.9,6384.0,"Electronics › Headphones, Earbuds & Accessories › Headphones › Over-Ear",5490.0,sennheiser,Headphones
Fossil,3.8,14816.0,Fashion › Onam 2021 › Watches and fashion jewellery › Watches top brands,9198.0,fossil,Watches and fashion jewellery
ZEBRONICS,3.5,39743.0,"Electronics › Headphones, Earbuds & Accessories › Headphones › In-Ear",119.0,zebronics,Headphones
LetCart,2.5,4.0,Home & Kitchen › Large Appliances › Refrigerators,8448.0,letcart,Refrigerators
JBL,4.1,3447.0,"Electronics › Headphones, Earbuds & Accessories › Headphones › On-Ear",5999.0,jbl,Headphones
OLICOM,3.5,4183.0,Electronics › Wearable Technology › Smart Watches,499.0,olicom,Smart Watches
Redmi,3.9,8491.0,Electronics › Mobiles & Accessories › Smartphones & Basic Mobiles › Smartphones,9499.0,redmi,Smartphones & Basic Mobiles
FUTOPIA,2.7,13.0,Computers & Accessories › Laptops › Traditional Laptops,11990.0,futopia,Traditional Laptops
TMG Store,4.0,3.0,Toys & Games › Electronic Toys › Handheld Games,999.0,tmg store,Handheld Games
Bose,4.6,26058.0,Electronics › Home Audio › Speakers › Bluetooth Speakers,11897.0,bose,Speakers
Kodak,4.1,12208.0,"Electronics › Home Theater, TV & Video › Televisions › Smart Televisions",9499.0,kodak,Televisions
ULTIMUS,1.7,9.0,Computers & Accessories › Laptops › Traditional Laptops,17990.0,ultimus,Traditional Laptops
realme,3.9,8008.0,Electronics › Mobiles & Accessories › Smartphones & Basic Mobiles › Smartphones,7999.0,realme,Smartphones & Basic Mobiles
Marshall,4.5,6413.0,Electronics › Home Audio › Speakers › Bluetooth Speakers,26998.0,marshall,Speakers
Panasonic,3.8,123.0,Electronics › Home Audio › Speakers › Tower Speakers,16390.0,panasonic,Speakers
Acer,4.3,13388.0,"Electronics › Home Theater, TV & Video › Televisions › Smart Televisions",10999.0,acer,Televisions
HyperX,4.1,20743.0,Computers & Accessories › Accessories & Peripherals › PC Gaming Peripherals › Headsets,7348.0,hyperx,PC Gaming Peripherals
boAt,4.1,276340.0,"Electronics › Headphones, Earbuds & Accessories › Headphones › In-Ear",699.0,boat,Headphones
Marshall,4.1,1693.0,"Electronics › Headphones, Earbuds & Accessories › Headphones › In-Ear",19899.0,marshall,Headphones
Honeywell,4.5,2120.0,Computers & Accessories › Accessories & Peripherals › Cables & Accessories › Cables › Ethernet Cables,849.0,honeywell,Cables & Accessories
IKALL,3.9,6.0,Electronics › Mobiles & Accessories › Smartphones & Basic Mobiles › Smartphones,9799.0,ikall,Smartphones & Basic Mobiles
BenQ,4.5,12.0,Electronics › BenQ new launch,359291.0,benq,
AVITA,3.5,17.0,Computers & Accessories › Laptops › Traditional Laptops,19990.0,avita,Traditional Laptops
JXD,3.4,291.0,Toys & Games › Electronic Toys › Plug & Play Video Games,46262.7,jxd,Plug & Play Video Games
Karbonn,3.7,11.0,"Electronics › Home Theater, TV & Video › Televisions › Smart Televisions",18490.0,karbonn,Televisions
CredevZone,3.5,25.0,Toys & Games › Electronic Toys › Handheld Games,10813.0,credevzone,Handheld Games
JBL,4.4,2320.0,Electronics › Home Audio › Speakers › Outdoor Speakers,17998.0,jbl,Speakers
Artis,4.3,48.0,Computers & Accessories › Accessories & Peripherals › Uninterrupted Power Supplies,8499.0,artis,Uninterrupted Power Supplies
HP,3.6,47.0,Computers & Accessories › Laptops › Traditional Laptops,38990.0,hp,Traditional Laptops
amazon basics,5.0,1.0,"Electronics › Home Theater, TV & Video › Accessories › Cables › HDMI Cables",549.0,amazon basics,Accessories
FRATELLI,3.1,45.0,Toys & Games › Electronic Toys › Plug & Play Video Games,1499.0,fratelli,Plug & Play Video Games
BlackBerry,3.5,19.0,Electronics › Mobiles & Accessories › Smartphones & Basic Mobiles › Smartphones,23100.0,blackberry,Smartphones & Basic Mobiles
ZEBRONICS,4.0,17.0,Electronics › Home Audio › Speakers › Bluetooth Speakers,899.0,zebronics,Speakers
ASUS,4.3,24.0,Computers & Accessories › Laptops › Traditional Laptops,94990.0,asus,Traditional Laptops
Samsung,4.1,1584.0,"Electronics › Home Theater, TV & Video › Televisions › Smart Televisions",64990.0,samsung,Televisions
Hammer,3.8,1815.0,"Electronics › Headphones, Earbuds & Accessories › Headphones › Over-Ear",2099.0,hammer,Headphones
UBON,4.1,1726.0,Electronics › Home Audio › Speakers › Bluetooth Speakers,944.0,ubon,Speakers
JBL,4.1,3447.0,"Electronics › Headphones, Earbuds & Accessories › Headphones › On-Ear",3999.0,jbl,Headphones
CARE CASE,2.2,12.0,"Electronics › Home Theater, TV & Video › Televisions › Smart Televisions",999.0,care case,Televisions
MSI,4.4,342.0,Computers & Accessories › Monitors,11528.0,msi,
Dell,4.3,9794.0,Computers & Accessories › Accessories & Peripherals › Laptop Accessories › Docking Stations,10499.0,dell,Laptop Accessories
RIITEK,4.7,7.0,Computers & Accessories › Monitors,19990.0,riitek,
Haier,4.0,174.0,Home & Kitchen › Large Appliances › Refrigerators,12490.0,haier,Refrigerators
Bose,4.6,688.0,Electronics › Home Audio › Speakers › Bluetooth Speakers,20597.0,bose,Speakers
SANSUI,3.9,219.0,"Electronics › Home Theater, TV & Video › Televisions › Smart Televisions",17990.0,sansui,Televisions
Generic,5.0,2.0,Home & Kitchen › Large Appliances › Refrigerators,549.0,generic,Refrigerators
Jabra,4.3,138.0,"Electronics › Headphones, Earbuds & Accessories › Headphones › In-Ear",19999.0,jabra,Headphones
Haier,4.2,743.0,Home & Kitchen › Large Appliances › Refrigerators,20990.0,haier,Refrigerators
Sony,4.4,22571.0,"Electronics › Headphones, Earbuds & Accessories › Headphones › Over-Ear",7394.0,sony,Headphones
BoAt,4.1,4543.0,Electronics › Home Audio › Speakers › Outdoor Speakers,1799.0,boat,Speakers
Razer,4.3,319.0,Computers & Accessories › Accessories & Peripherals › PC Gaming Peripherals › Headsets,12195.0,razer,PC Gaming Peripherals
Skullcandy,4.0,5856.0,"Electronics › Headphones, Earbuds & Accessories › Headphones › Over-Ear",7499.0,skullcandy,Headphones
Bouncefit,2.5,685.0,Electronics › Wearable Technology › Smart Watches,489.0,bouncefit,Smart Watches
FASTSNAIL,4.3,67.0,Video Games › Legacy Systems › PlayStation Systems,10072.0,fastsnail,PlayStation Systems
JBL Professional,4.3,1884.0,Electronics › Home Audio › Speakers › Bookshelf Speakers,12240.0,jbl professional,Speakers
New World,5.0,1.0,Video Games › Legacy Systems › Nintendo Systems › Nintendo 3DS › Consoles,7999.0,new world,Nintendo Systems
Sennheiser,3.9,1204.0,"Electronics › Headphones, Earbuds & Accessories › Headphones › In-Ear",10444.0,sennheiser,Headphones
OnePlus,4.3,17562.0,Electronics › Mobiles & Accessories › Smartphones & Basic Mobiles › Smartphones,27999.0,oneplus,Smartphones & Basic Mobiles
Generic,2.6,12.0,"Video Games › Starting ₹3,000 | Escape into the world of gaming",2270.0,generic,
Marshall,4.5,3438.0,Electronics › Home Audio › Speakers › Bluetooth Speakers,24999.0,marshall,Speakers
BUYFLUX,5.0,1.0,"Electronics › Home Theater, TV & Video › Accessories › Cables › HDMI Cables",499.0,buyflux,Accessories
MI,4.2,67782.0,"Electronics › Home Theater, TV & Video › Televisions › Smart Televisions",30490.0,mi,Televisions
Realme,4.3,162937.0,"Electronics › Headphones, Earbuds & Accessories › Headphones › In-Ear",599.0,realme,Headphones
Srhythm,4.2,1049.0,"Electronics › Headphones, Earbuds & Accessories › Headphones › Over-Ear",9498.0,srhythm,Headphones
Xbox,4.5,2049.0,Computers & Accessories › Microsoft Xbox Controllers - Aug 2023,32499.0,xbox,
iTronix,4.1,87.0,Electronics › Wearable Technology › Arm & Wristband Accessories › Cables,229.0,itronix,Arm & Wristband Accessories
GSH,3.7,23.0,Toys & Games › Electronic Toys › Plug & Play Video Games,5948.0,gsh,Plug & Play Video Games
ASUS,4.4,3.0,Computers & Accessories › Laptops › Traditional Laptops,130900.0,asus,Traditional Laptops
AKAI,3.7,86.0,Electronics › Home Audio › Speakers › Bluetooth Speakers,5950.0,akai,Speakers
Samsung,3.5,47.0,Computers & Accessories › Laptops › Traditional Laptops,138990.0,samsung,Traditional Laptops
IKALL,2.9,10.0,Electronics › Mobiles & Accessories › Smartphones & Basic Mobiles › Smartphones,8599.0,ikall,Smartphones & Basic Mobiles
amazon basics,5.0,1.0,"Electronics › Home Theater, TV & Video › Accessories › Cables › HDMI Cables",379.0,amazon basics,Accessories
Nokia,3.8,472.0,Electronics › Mobiles & Accessories › Smartphones & Basic Mobiles › Smartphones,7499.0,nokia,Smartphones & Basic Mobiles
SHOKZ,4.5,2637.0,"Electronics › Headphones, Earbuds & Accessories › Headphones › Open-Ear Headphones",17999.0,shokz,Headphones
AOKZOE,4.0,3.0,Video Games › Nintendo Switch › Consoles,105999.0,aokzoe,Consoles
Tronsmart,4.4,569.0,Electronics › Home Audio › Speakers › Bluetooth Speakers,23299.0,tronsmart,Speakers
JBL,4.0,438.0,"Electronics › Headphones, Earbuds & Accessories › Headphones › Over-Ear",19999.0,jbl,Headphones
Bose,4.6,40587.0,Electronics › Home Audio › Speakers › Bluetooth Speakers,8697.0,bose,Speakers
Dell,4.6,3.0,Computers & Accessories › Laptops › Traditional Laptops,57741.0,dell,Traditional Laptops
BOSS,4.2,484.0,Electronics › Home Audio › Speakers › Bluetooth Speakers,13802.0,boss,Speakers
BLUE STAR,3.8,109.0,Home & Kitchen › Large Appliances › Refrigerators,9690.0,blue star,Refrigerators
ZEBRONICS,3.9,2091.0,Electronics › Home Audio › Speakers › Bluetooth Speakers,1999.0,zebronics,Speakers
Redmi,3.9,8491.0,Electronics › Mobiles & Accessories › Smartphones & Basic Mobiles › Smartphones,8499.0,redmi,Smartphones & Basic Mobiles
Generic,5.0,1.0,Video Games › Video Games NCEMI,1899.0,generic,
ZEBSTER,3.5,49.0,Electronics › Home Audio › Speakers › Bluetooth Speakers,506.0,zebster,Speakers
BoAt,2.5,3.0,"Electronics › Headphones, Earbuds & Accessories › Headphones › In-Ear",799.0,boat,Headphones
Redmi,3.9,8491.0,Electronics › Mobiles & Accessories › Smartphones & Basic Mobiles › Smartphones,6999.0,redmi,Smartphones & Basic Mobiles
